Puzzle,Givens,Difficulty
.8.........9.8..457.6.1......4..6.......2...........91.714...5...8.5.7..2..89...6,24,Expert
942...5....3......15..4........5.....1..739..794..1...5.9.841.7.3.....5.....324..,28,Intermediate
..2......5..8.1..2..8.751..9..3.6..765.........1......1....7.9......3....29.5...8,24,Expert
3....19.2..7..8..5....3.4....2.......4.1.......3..5....9.5.48.1......74..1.8..5.9,25,Easy
9..6....7..3..9......21...5..8.9.5...7...398.........62.61.7......36....5....2..1,25,Expert
......267.........96..21.3......98.4.......79...6..31.18..9......4.17.9.2....4...,25,Easy
2........5.697.......1.....7....96....3.1..5.8...32..9....6.9.3....957.2...8....5,25,Easy
....3...6.5....32.3.2.918.......8..1.........871......29...6..7....87.3...75.9...,25,Easy
.8......1...4...6.576..........7.....9....3.6...84.7....5.6...........1841.7...93,23,Expert
32...6.....5....9..7....3..5.2...6.769..2...........4..6....7..7.9.325.1......234,26,Easy
.54.1..37......5..3.7..46.1........66.1....5..2.8.......5.3....7.62...14...146...,27,Expert
4.9.....68.......4.7...3...9.....41361...7.89.4.8.....3...2.7...6.....9...8....62,26,Easy
....567...3..7...5.....1.....6.1.27.1...2.....2..4.3....756..1...5..9.6......4..3,25,Intermediate
.247.....1...3.29.....5......8....4..12.78...3..59....25..1........8..59.39......,25,Easy
.3....4.....8.325...941..8.6..94.8.......1..2...6.2.....325691.....9.3....4......,27,Intermediate
...69.....93..41.2...7...48..9.3.8.1...8.67.3.....1......347.......6.2.9..8......,26,Easy
.7.5....9..6...42..19....3.9...12...4....5.71...........712.69..3.....47.........,24,Intermediate
...4.23.....6...5...8........19..2....4..15.8.5......9..31.9.......25.6.26...8..1,25,Expert
.2.....43..69...........7...6..8...7....7.6..4......5..8..4.2....5..736...7..98..,23,Expert
.2.4.....9.5.7..8.....1....2......6.5...9...8.4....795.6...2.......4...2...78.45.,24,Easy
.9......2...4..9......8964187..9.....4.2..5.........8.....4....628..51....5...2..,24,Intermediate
...9..61........8.4.9.1......7...9....6...7.2.2...5.4.6.8......5.1.26.9.....57..6,25,Intermediate
...9..37..6..829.4.......6...9.3.4.6.8.14...2........1.31.94.8......6.43.....1...,27,Simple
.9....6.8...975..22.36.85....23.9..6.....285..5.4...379....3.....5........6......,27,Expert
.....9.2......6..8.5....1.31.59.8...98..7..31...2..9....8...57.76...231....6.....,27,Easy
6..1.4..8..7.6...1...58......9..............582....4..2..9..7.4.984.7.1...6.5.2.9,27,Expert
....6..126....98.....14...3.5..86......2914....9...36.......9...8........2...5..6,24,Easy
176...8.9....76......9.....2.7.84....843.....3..2..6..7..1.2...8.3........9.4..23,27,Easy
5..6...7..9.....3414....5......52.97.5..9.6..7...6..2..7......24........2..1..759,27,Expert
14......52......3.8.3.5......476..2..........7..1...8..2...386...7.8......5.12.73,26,Expert
...7...1.1....48..4..35..9...7...48.....49..............5.2..7..3...81...8.4.7..5,24,Expert
......8..54..897..6..4..5............1..7.986.3..4.....7..5...44.....61..83....5.,25,Easy
1....45...2.31...8...852......5.....4.........6.148.....8..7.5..32...8.95.....3.2,26,Simple
..7..6.1.3..19.......72..94.5........3.6.2..9.74...65.....3...2..........41...7..,24,Easy
...1...3..726.8.5.1....7.4...85..3..237...5..5.....4....6......421...7.....41.6..,27,Expert
...6..1..23..17.9..9.4.83.6.7.........2...6..81....7.9......8..743...........9.2.,25,Simple
.......4.97........5....9..3....7..17...253....9.....7...4.9.5...6...1..524..3.6.,24,Expert
8.....2.....3...6....7...83..9..4835.2....4..5.4.....9....4.3...9.25...7.7....6..,25,Easy
.2.96..1...8.2...4961.8......467...8....4..23...8...79......2..8...9....7.6......,26,Easy
1....5..6.9.6.1.87...3..2.....8...........79..327.....81..375.93........7.9.....8,26,Easy
1.83.....7....6..5..3..7.......3..6..36......8.7....1...9.....6.....2..7.2..15.8.,23,Expert
6..3.1.921...5.....326...5.9.....3.8..7.....6...189.............2.7.3..5...8...6.,25,Expert
......6.3.3.1..592...9...1...1....29...6..78.......3...15..8.7...8..7.3...251....,26,Expert
..532...1...........69..8.3.......8....5..1...24.1.5.6..9.......4..5..3.3..2.9.64,25,Expert
56.39.....3...8.2..2..4.3...9..2.......4........83...9.8......5..265.94...7....62,26,Easy
....2...3....39.7....6..8.1..1.63.4.....7...2.9....63.6..79.4...........7.2.14.8.,26,Easy
..7.....1.........865.4.7.3..6......3...8....1.26.3.......68.35.5.1....2...5...14,25,Intermediate
.8.5.......294.1.3....2......3..2.97....13.......9...8.71...4.2..9....5.54......1,25,Expert
..2.......7..5.819...916...5......863....21...815..93......165.....7............3,25,Intermediate
5739.....4...........63..5....2..........9.8....768.2..84....37..5.2..9..36...8..,25,Intermediate
....9.6.......7.9.9.341...7...65..1.36..8...4..1...7........4..8...6...1....739.8,26,Easy
.......1.9....4.5.5729..8.38.......2..3..14..45..9.1....7.....5.......8....8..924,26,Easy
6..4512.7.5...9......2.....41.....8.5.6....1.9.78..52.1..78........269...........,26,Easy
6.......1.9..7.6......1.895...9....7.59.......8.4.65......35..6....6.......8..74.,24,Expert
..7.2.8.33.......9429........4.....6.....6.....87193...7..32......8...41..6......,24,Intermediate
.8....3.7......1....5....9..3..9.47.4.7....12.9........4.21.53...853.....1.4..2.8,27,Intermediate
...1..5.78.6..............4.7.5....9...7.96..9....4.15.63......49.6....11.5....8.,25,Easy
8....46...4.5.6......38...54......7..37..9.......4....5.6..3..4......9.1....97.3.,24,Expert
3..2......2...179.58..79..2.....243.4...8....81.4..2.......7.5.....9....9.5.....1,26,Expert
..9...5.67....1....2.9...3.2....4..13.51.672.4....3.9.5.6........14......4.......,25,Expert
.....9..87.8..........6..3.2.5....6.8.3.1...217.5..8.....78...9...39.1..6....5...,25,Expert
.1.8.......5.13....7..............9......5813798...6.4.3.7...4.6...4.1..4..5..9..,25,Intermediate
7....369.68.9.........5.4.3....6.....78.......3.5.7....1.3.......78943....4.7...8,26,Intermediate
...9..35........81..8..37.23...2.1.5.2..98..49.14........2.......3............519,25,Expert
2.96.14.7..87.32.9......1...368..9..9.......6...2..8.......6..8....2.37....97....,27,Easy
2759.64...4......6.....8.....2........4.3..2796......8...2..7.......7.3.65.8....9,25,Easy
8...........972...6.1..42...74.81...38....1....95....7.....3.2..3.2..7......9....,24,Easy
.7...9.4.81....7..9....4.56487..1...6..3.5.......9...........387..5........8.64..,25,Easy
..86.5....6973...1..........5......334....7.6897...........98..4..1......8...763.,25,Easy
....9.4.7.9...5.6.....7.15..3.......6....4.31...8....4.49..7.1......9...5.7643..8,27,Expert
.8......6549.3.......1......6..9..5.1.4.6...9..7..18...965.4...43..........87....,25,Easy
32..6...99.........5..4.6....9....72.1..24....6......17.........42.7..53..3....4.,24,Intermediate
....1...91.2..4.......5..41....2.3.8.8.4...6....5.9..4..98...23..1..5.......9.6..,25,Intermediate
49...38....256..41.5...8..2..8.....5...9.2...94.....6.6......14...6......21.3....,26,Easy
3.....7.12..8.43..7.5.2...4.........4.85....2....631.7...2..4.3.........81.......,24,Easy
.....9..8..9.3..7...2....6.6....8.9374.3....2.........564...3...2....9....7..28.5,25,Easy
...3..59.......6....39.4........5...4....1..2...2...3.5.9418..6....9.85..2....14.,25,Expert
..4..357.3.......665..4..1.1..26...74...7...52..1...4.........1..6........1...862,26,Expert
..7......63...5..8.9.2..........3.........17..1....6....2..68..87..3..1..6975...3,24,Easy
......41.....3.7......5......3......2..74..3...4.6.5.8..5...1..41..82..5.7.6..8..,24,Easy
4..6......26.3.........2.915.........412.......3..65.....4..7...6.3.....172.....5,23,Intermediate
..6.3......9.8...2.84.6.5.......98.1..1.28.39...4..65...2......6..........3.4...8,25,Expert
.....56......9.5.8..1....79.......87..8.....2...2..9..1..8...3.3.9..68..5.712....,25,Easy
......5.1.2.....6717....39..35.9....29.5.7........3..........26.4.......7..2..15.,24,Expert
..8.9..5.36...5.......2.3.......6....9.218....51...8...1.......6.5..14.3...38....,24,Easy
.21.3.....641..82.83....5.....4.3.1..49........3.29....8..51.4......4.......9.28.,27,Easy
39....5...6..4.3.8..49.........6..1...21....59.......242...5...5.8...4..........1,23,Expert
9......575.4.......17.238......4.....8...........58.3...1..5.2..4.19.3..8..7..1.4,26,Easy
........79..5....1751...8.2.9.....7...2....6..8....9.55..84.2..6...72...8...9..1.,26,Easy
6.....1..2..6..........392..8...2....264....3..3.914..1.8......3...4.....4...9.7.,24,Easy
.32.6....7...2.1.6.6....4..81.7......4.6.2..7....93....23..9...........3.7...46..,25,Simple
...9....1.8.5...9...7....26.....89...6.3.75...18..6..77.....1.......5..3....89...,24,Easy
4.8.......972......3.8...1..4.97.......16.7....1.8.39..64............98.1.2.4...6,26,Easy
.9.5...1...728......5...7..3.4.....5...7..38........91...87...998.12........3.82.,26,Expert
9.......1...6...9...18....72.6.9..5.1.82.53...3...1.76...7.8..3....2.......9....5,26,Expert
..9....1...84..5.7.........58...6.....7....9..6...38.4.7..1438......8.71....5.9..,25,Easy
.5.7..9.618.........9......538...4.....9...6...41..8.7...3.7..5.......9..7..193..,25,Intermediate
.1...2...3526...4...9...3..4...85....85.9.....3....8...9..2......835...956...4...,26,Expert
5.814.3..9........3..2..5.4.....96.1...3..85............65.1.....3.......458..96.,25,Intermediate
.8.2...4..7...93..1...5..92........8..58.........3......8.4...33..7..1.5..9..14..,24,Easy
.8...3.4..5792.8..4..6...3.6.423...88....5....9.8...67........39...7...2.........,26,Easy
..8.3...7..35..9...9.2...1...1..4..5.2.7.....4..3.5..9...8..4..7......8.1.....3..,24,Expert
4.9....8..1....27.8.62..9....492......75.6.1...8.1............8..276.19....1.5...,27,Expert
1.7..3..928...17.........36...2....8..6.....1.7.1.9.......5...3.9...7.62....9.8..,25,Expert
86.7...4..37.24...4...8.9...7.5..2.3..6...5.8.........38...2..........79.....3...,24,Expert
7...2...3....7.......3.8..45.8..9.....7.8.9..2............4.12..59...8...1...54..,23,Expert
..65.7..371..9.......8...1.......6.9...63...5.5.....7.97...3.8.4.....1.........36,24,Expert
....126..64...7......64.185.1.......9......7..85..12...9.57...2..429.....5.......,26,Expert
9.......764.1..92......46...2...7.3.7..6.3...1.......8...7..4.......2.9..8..3.1..,24,Expert
..3..2....8.7.5.2612...85.7.3..9...5...3....8...8.76...5....3.1.......9...96..7..,27,Easy
9....6.....4.....1..3.....8..7.4.9......37...3..91..2.64..8...77.9..31....8......,24,Expert
.............71...2....3.4.3......62..4.9..8..8.6.7..4..3.1.9...67....1..42..9...,24,Easy
..892.....1...6..83568.........6...2..5....3.8..375....2..8............3..7..31.6,25,Intermediate
.64...9.87..4..6..8.....1......7.5.1..398..7.4...56.8.9.8.6.7.3..5.......1.......,27,Expert
...........6.43.78.2.5..46..4..62.35.6..8......2..784......56...8...4359.....9.2.,29,Simple
..........9.762..1.42.5.79....87......9..5...4512....85........214.....6..84.....,26,Easy
9.42....731.4....2..769..54............97...5.3..5..........793.2...6..........2.,24,Easy
..76.3..2.82..5.......825..42.....6...8......6.......1.1.8...7.3..4...1..5.......,23,Expert
............3.97...6.4.7.3...46.....6359.....28....4.97..2..........6.5...9....83,24,Intermediate
1.5...8..3...2...5...3.4.....8.4.29......7..4....3..7.8.21..9.....5...3......2...,23,Expert
........1.4....28.3...7295.8........75...4.3...3...7.8..2.9....1.......5..9..347.,25,Expert
6..73.5..3............5.28..2.9....6..6..287..8......2..9.6...8....75...5.....16.,25,Easy
4....386.3...76.59....4.73..7...5...65..8..9.......3....6......7..9.....5981.....,26,Intermediate
.4.56..87.....915.7...81..........4..6......335..7461....9..83......847......5...,27,Intermediate
.8..7.6..1..4.6....2..1.7.4..2.5.......74.3..5..128....3.....8.....6..4.4.....1..,25,Intermediate
1..........6..........27.3.7...542..5.2.6.......9......1......3.3..95.27.7.1.65.9,25,Expert
.9.......3....2..64.8....5.....58.6262..9.......2...7.....67.8..45......73......4,24,Expert
..1...79.283..9.....7.86..4.9..2..........94..1...8....2......37.....86....6.3..1,25,Easy
....1.4..7..35..6..9...83......8.9...39..1846..469..53.76........3......1.......8,27,Expert
72.........649..1...9..2.6.....41......8...7...4.29....9...7....3.1....4....6..8.,23,Intermediate
..........9......5..5....346....79.21...6...7...9.2...3...761...71.5.....5...9.4.,24,Easy
..9....5...14823...........63..2..8.............169....948...1.38...64.9........8,24,Easy
.2135...9...7..61...62..3...75......6.........3..298...57.....3.198...7.....3....,26,Easy
....8...5.......6...6...9.16...5.2..7...13....8...9..3......5..85..31697.93......,25,Expert
.......3.83...92.....5....47.........5.....8.289..3.....87....5125....9..7..4.3..,24,Expert
.7824...11.3.78...9.2.1...4......49.............5..1...9..3..823..9...4...7..23..,27,Easy
.56.19...9.......1..4..5...1...5.2..............4..5....1...4.8.6..2.1.98..63....,23,Intermediate
...57.3.25......8.......1..8.4...6....7...438..1..6.5.3.6..7....1...8.6.......7.1,25,Easy
.4..368....1.....2.754...1.....78........3.....8....7...2.....1.34.5........41..6,23,Easy
........7..931.2452...8..1..1...8.3...4.9..8....2.147..2.......83..2.......137...,27,Intermediate
.14..5.2..73..2.48..63.1.......7.5..........1...6.8..4.6.1...83...4...........6.7,25,Intermediate
.5.....36....7..1.8.9......7...1..8.6.3........5.....1.......621...69.....7..8..5,22,Intermediate
6.9.7....3.79.5....1.........6.24....3.6.1...245.3...........71.9.....5.....1.6.3,25,Intermediate
.598...4.21.....93.....281.1.352......5...3....2...........86.....95...8...1..42.,26,Intermediate
1.4...583973....1..8...1.7......2.....25.....3417...........95.7....3.......7.4..,25,Easy
5.38....47...2...9.21..7.3..791..52........83.3.......9...8......8.9.....1.3....5,26,Easy
.....6..37...8.....12.4..7..4...2..72....7.14..75..6.......8.2.3.4....5....3....1,25,Intermediate
3.....47556..9..............7.85.......3..9.4...96.58..16......8....5...4.9.1....,24,Intermediate
.96.8....7...31.......7.2.1.64..7..297.........8.4.6...19....6......8...8.296....,26,Expert
..39..2.....7.......7.2...4.4..3...5............2...3.4..69..5.7.23..4.8.89....63,25,Easy
2.53...........8..96........58.3....1....5...3...6..49.1..56.24...24.....4.....95,25,Expert
..3..7.....5.4.6738.....2.........1258.7......7..32.5.......16.1...2.5...6.5.1..8,27,Expert
.3...9.........34........6.7..5.6.9..2.7....66.9.3.85.8............8342......29.5,25,Expert
...........7.....2.....7.39...........913...528...571..718.924..2..5..8.9...73.5.,27,Expert
....5...4...94.65.....2.......3....2....6.5....5..231.75.....493.....1..2..4.9...,24,Easy
.9......1.....592.5.29...7.....8....4.1.........57..4.7.481..3..1.3.....9.8.4.2..,26,Easy
.2....98.7......54...........9..2...182.5..9....4..5...3.18....41.7...3......41.7,25,Expert
..1..659.....18.2....7..4...482......1..6...2.95.7...1....4.......1.5.8......26..,25,Expert
.....81..3.2.1...4.6...5.2.......4..2.45...38....2456........1..1......3..8..9...,24,Expert
.1.3.5726....4..1....6........5.739....194...........72..4....136...2.......6..52,26,Simple
....19.....452..89.1.....253.1.....45..2.......6...21..8.....9.9.56.....1.2...3..,26,Intermediate
...2..3.14.....9....98..47...16........9..1..2...4.....4..76.9......9..28..12...3,25,Easy
3................7......3948.397...67....65..9...437....26.5....987..6...3..82...,27,Easy
..7....3.82......5......9..29..5...3..3.7....6...8......596..2...6..3.87.1....5..,24,Easy
......7...1..8.94...4.3..82.3........2.......1...42.3..823...9137.1..5......25..7,27,Easy
....1.5.72..5.6..94....3....6..9......41...93.....2........5.6...93.......3.....4,22,Expert
.....96.2.71.6.......13...413.6......962.......4.5....4.5......72....94..6....3..,25,Easy
5.6...2..8....6..4......8.7.3.46...57..3.......29...7.975.........73........82...,24,Expert
..3.7..9..523.48..8....2........3......5...8.5..7..3....4....5.2..8...797.9.3.6..,26,Intermediate
.58....62.62.4.............8...5..4..49....86..5.1..3..14....5.........89.3..41..,25,Easy
5...72.4.....4.8....9...1..........4.....7.6.....917...4.....1.1..256.....7...689,24,Intermediate
5...2.3.8.94.....636.5......4.2....9..98.3..2...7.5..3.......9.9.8...7..........5,25,Intermediate
8...35.12.....63.4...1...87..4.8.73.165...............671...2...83...4......6....,26,Expert
.....8.1....4..3.....9.......9.....7..3..6..4158.9......45....8.3....96..658..7..,24,Intermediate
4..2.7...5..9......19.....374....5..8.2.........7.2....8...471...3....4.2..18..5.,25,Easy
...6.4......395.......8......1.2..5.4.28....9........861...952..4..6.1..2.54...96,27,Expert
.6.8.4...4...3916.........8....1.9826......4.....2........7......4..8.3..273..8..,24,Easy
4.1...........81......2....748..6..22...7......9..4....624.1.3.3....96...1.......,23,Easy
.8.9.6....3214596.........4..5.2.4.......1...193....25..9...........2.3...4.3.5..,26,Expert
..2....69..56....3.....45...3.1..8.69.....4...679...2....7...85..6....3.....5.7..,25,Expert
6.5......4.73.6..88......7....7........958.....3..4...2...9..4....8...36..8.4579.,26,Expert
45.....8.....1.....1...5...2...5....8.5..14......347..3....2..4..476823...1.....6,26,Expert
.....9.8.8...1..54........9.....3...5......31..25..4..4..28651..3..5.24...5.3...6,27,Expert
.37.5.9.2.5...3.......6............9.9..2..13...4..7..3...76...67..95..15..24.3..,27,Intermediate
.2.......97...1.42..8..7..9..48......9..52......479........42.51.9..8....3.1.....,25,Intermediate
9..72....271.......5.....1...4....7..9....5.6...8..4.9.821.46.7.........16....9..,25,Easy
.2..74......5.....74...6......3..2.86....2...5..81.4..1....8..6.3..........4.387.,24,Easy
29.......7.6............2.6.....8.741.29..3...4...7.........1686.9.....2.8.2.3..9,25,Easy
...9..48.2....1.5.5.8.4.......7....937.5...2...1..97..1...2.........4...83.......,23,Expert
.....96.415.46..2....7.8...8......5..4....2....6..5.89.19......2..8......6..9....,24,Expert
36...8...........9..7..........6..2.1...8569.5....7..1...7..8..8.319..7..15..3...,25,Easy
...7.819...3....4......17.3..............68.74...12.6.2.6..4....49.8.6..7.....3..,25,Easy
..4..15...3....6..9..........23..9....98.6.4..85....62.6...5......6...94..8.1....,24,Intermediate
....3...6...1...7..2.54...3..4....6.1..2.8..553....2.7...........6..5.......621.4,24,Expert
.....8.3527..36...3....9..65..7....9...4.5...4....27.............4...82.786.....4,25,Expert
...3..2.6...9.134.5..6..7........9..16......7.54.13............4.215....7.3..4...,25,Easy
...96.574.9......63...7..8.7.2.4.95..............37.48.85......2.95.4............,25,Intermediate
6.9....3..3...64....2......2.....7.....1.4.....1.79..449.7..61.....4...5.6...3...,24,Expert
....9.47.7....8.......5.3.923.4.96.5..6.37...4.....8..8............25...6.....2.4,25,Intermediate
.....786...3..6..5.9...21..7.9...683..6.7.2...........3.8..5..6..2...95...7..1...,26,Easy
.8...2.7..1...45.....17.6.27.9.8......5..7168...2....9....568....1.....7.........,25,Expert
......5.7745...962..2......2376.4..5...9...4...9...3.....5.6...364.............71,26,Intermediate
.8..5....9.6.......4.2...3.65....3..1.368......8.......9..1..24.....35.8....4.6..,24,Easy
..........5.....42.......39.3.....2......3..7.625..19.2..79...17..6.5...4..3.1..6,25,Simple
.....7.6.4.2.........6..4.1.8...4.7....93..2.......18..1.27.3....3..19.7...8.....,24,Easy
......7......4..1......7642....85.......3..2.2.4.......1...2.785..6.....82....3.1,23,Intermediate
...9..5.3.6...4...28..36.744....3.........8.53...9............7...7.5.98...8..25.,25,Expert
627..4...8.9...6....5..........5...97..6.......2.8.5.4.1.49....5.82...7...6......,24,Intermediate
..69....1.....8...13....7...7...6..3..912.6.4.......89..147.2.....2...1.........6,24,Expert
157..9......2........35...8..4...1..2....4..3.1.9.7..543.........2......89.725...,25,Easy
9...2..........4....846.79.416.......3..9.1.........6.3716........9..6.4..9.1...2,25,Easy
.67.1.9.53.................1...25..49.23....7.5.......5.6.4......1..32.......24.9,24,Easy
.7......8..2..36..3.9.......5...1..7..37.....61...8..........2..9.3..781231.6..59,27,Expert
41..5.........384........65..63.....3.789....8.5............9....46.7.8......4..1,23,Intermediate
...87.9.6.1...2.........53.7..2..6.......7.9.53....21......8.......9.7833..6.....,24,Easy
.47.5.....352.9...9..3...5........9..2...5...........7.54..2..9..341.5.........26,24,Easy
8..7.9.2.34......676.3...89......6.7.3.24.....8...........1.3.4....36..8......2..,25,Expert
..37......14..6.......5....23...5....5.19...2.....41..125..3.4....62......7...3..,24,Intermediate
...6....3..6..1.25.......1..91.7.3...472.3.9.6..9.......25..7..1......5..3...9.4.,26,Easy
2.9.41......62.....3..786....3....8...1....2.89.......417...2..........4..29...7.,24,Expert
.9.......3.....2.5......6..4.65...98..51...6.9...6....8....635...4.2.....3285.9.4,27,Easy
..86....42....39.63....4.28..4..6.......2..13.........8.1..97..6..27..8......13.9,27,Easy
.19.8....7..4.2...6.8.1.......6...47...23...8.6.1..3...43....2.98...61...........,25,Expert
.7.......81..74.....5...9......9..7..8.71.53....5..6.9...35....7......834.1.8....,25,Easy
2.5.1...81.9...52.4..25.1......89..6..1..4.5...2.......3.4............1....3...9.,24,Easy
.4.97.........384....8....97....5.9..342..5.7......3.8.....79....8.56...65....7..,26,Easy
...8..7.1..5.....8....6142.6...1..52..2.4..6.87.........1.2....25..8.....9.......,24,Intermediate
5.8....7......6.5..9.3..1..6.....5...8......1743.51.9.9.....4...3..4.9...5.....36,26,Expert
.8.5..2............57..9..4..6.84..5..2....761...67..24.9.51.......7.........29..,25,Expert
.....4...319..6.....8..52.......3...4....2.3.......8....64....3..52.941.2..5...6.,24,Easy
.8.....5.5.91..3....3.9.287..12...39....16....6.....2.....52...2....7..8....8....,25,Easy
58...72....9....181.....5......3...5.928.......4...92..4........3.45...19..1.....,24,Expert
65.....9...46..7.1.2..3.6..3.......7..7...426.92...51.469...2...............9.13.,27,Simple
..5.2..4...1.84.7..7...5321...2.86.5......7..5......1..3..7..6...8......2...6.1..,26,Expert
6.2.18.473....7.6...92...8.4......96...94.1..2.36.......7...3..........9...7.3...,26,Easy
6..9..8.3....24......6.3.2.7....8.623.....5...9...6..4........5......97.98.572..6,27,Intermediate
..8..2.....514.7...3..58..4.8..3.........5.73.9..71..2...49...........5..7..8..9.,25,Easy
8.3...71..2.5....371..6.2....2...1....1.26.454...58.7....71.....4..............3.,26,Easy
51...4......7...5...3..5..7.9...3.......1.5...74..82..4.....9.8352...1......41...,25,Intermediate
6....87....37.9.1....53.........2.7.....9.6..9..6..281.......3...532.9......6.5.8,26,Expert
8.......5..2..5.1.6.3...2...7..6......8.9.73.5......2....2...9...9.8.1...2....38.,24,Expert
....6........1.4.....7....25.1....4..974...2.6..15...7.25....96..4.7.5...6..8....,25,Easy
....1.9..7...3..4...9....65.3...8........57.9..7.4.5...........6.8..91.......3486,24,Intermediate
6.7.......43...9..9....3.....5.8.37.8.2.47......5....6.8...4...7.68.5.3...97..6..,27,Easy
13.72.5.6....54.8......8..28.6....7.25...1.......4..25513....6.78......1.........,27,Expert
...8.4.918...........61.2.......9.439.2.3.8...43..1.6..21.......9...7.......98...,25,Intermediate
..46....9....5.....1..74....9.41.....61..7.8..4..983.......5.46..89....3..6...7..,26,Expert
31.5...9....9..1.7.98.......35......4......5...7...6.3..419...6.....5.1.16....84.,26,Easy
......4......63..9....2..8......2..457...6.....874..5...56.72......859..6....9..3,25,Expert
.81........2..13..5.38.7.1..3.1.4.97..4.7...2.1...8....58..9.4.9.......3.........,26,Intermediate
..7.2.4.8....5..61.9..68.7.14........8...5...7.5......9....1....14..28....84.6..2,27,Easy
....1...51...256..5...73.812........7...8.342..8...76...7...2.3..9......32.....1.,27,Expert
......7.........3.3..58.69..4.83.2........5.8....2.9..62.3..8....4......879.....6,24,Easy
.........5..784...3....587.....6.5......4326..8.9.27.3......358....3...49..5...2.,27,Easy
......7..2197.3..834.5...91.........7548..2.38.3.....7..54......8....1.......15.4,28,Expert
..6..9..3.79..8.6.4..7.....9....61..38..7.2...67..4..8....4.6.7.......2.......98.,26,Expert
.6.7..5.34.......7..5..9.....73...26....1..7..1...593.931.....4.74......6........,25,Expert
..6.9..38..8....6.1....59....97...8.6....132..3....1.7..1...7.6..73..8.........5.,26,Expert
..........31.....9....9.175.....72.......67....2....144.....3...73.1...22...5..91,24,Easy
....74.31...3.......9.2.8.7...4..1..8.47..9...15...42......7.8.....193.....83....,26,Easy
..2....5..8.3..6..75..964....476................9.376....8.........4.2.9..6237..8,26,Expert
.....7..2.3.9........2.476.....4.69.......3.4.....62.5.82......6..3.5...3..69....,24,Easy
..3....8.....1.2..........4..7.6..42.4...576.1..8....575......6.....85.1.......3.,23,Easy
..327.....5.......8.9......94..5.1...........5..7...29.2.91.4.8.3...7..2..43.2.75,27,Easy
43.......9...6..7..27.....4...42..567......3....1.34.22.....1....9....45..6.....3,25,Easy
.1.....34..7...2.......8....78..642.16......8.5..7..6....5...8.5.3.84..2........1,25,Easy
87.95...14.....75.1...3..8...9....3838..4..7.....9...6.....5.............53..64..,25,Intermediate
31.5.7..66.....3.....9....7..4.........7.94.....1...592..3..17...5.12.94.........,25,Intermediate
.51......6..7814.......6...465..3.1..9...584....9..76..3..9.1..8.4..7............,26,Easy
45...8..9..21..65.6.....4.3.2...9.3..3...5....4.8.6..............1.9..6....4...1.,24,Easy
..9....8.5...7.4.918...9.3...5..4....6..9....7.4.........6..948.7...8.13.3......6,26,Intermediate
......5.1......83.3..5...7.642.......8......3......92..9..7.....7..48.9.1..23..58,25,Intermediate
8..4..9..673....1......86.7....9.1.......6....9.8.....71.2....6.6.9.4.2.2.....48.,26,Easy
.5......9....84..7.1.27......43.......54.9.1..2........4...89.31...9.....3....2..,23,Easy
.53....8...9..475.7......4...4.2.......7......6..93....3.....282....6...9..58..74,25,Easy
...6....45.2.....1...13......62..8....3.47.1..48...35........6....3....2..7.6248.,26,Easy
28....79..5..........9...6.7..85.4...3.6..5........3...7..9....8..27.....4..65.2.,24,Intermediate
.2.3...8.6....7......94...2..2...8.5.5...9..3.6.2.8.7...9.8......87.....3..5.29..,26,Intermediate
....7.6.1.46....8..9.5.....5...........2.4..9.6......7.......6..29..14.567....92.,24,Expert
65.....92..9.........7...5...2..58.4.......1.1.48.6..9.98.7......1......76.9....8,25,Easy
.....39...1649..2...9..7..6..1954.6..2.63..........5.....2...3..6..4.21........59,27,Expert
....519...74.9..5.........2....6941....2746.9.......23.49...1.........466.5......,26,Easy
.59.......8.53..1.2.4......495...87...7.5.4.1.......9352....73..........9..2.3..4,27,Easy
.1...8.....42.1..6...39...1.9....1....5934.....2.6..3.6..........9.5....423...9..,25,Expert
...4.8.6.9..37..4....19.37..7........13..4...6.4...8..2.....9...867.....74...3...,26,Intermediate
......3..648.......5.6.....4..9.6.2..89.3..4..6..1..5.....8493...2...4..8..1..2..,26,Easy
.46..7......9...6.2.........67.542........5.89......7...32.98....2.....4....8...9,23,Intermediate
..2....6.....7..8....14.....3..86.29..1......2.8.9.6....3...8.497...3.......17..3,25,Easy
.8..27.....594.......3...2..6...859..9.53....8......3232..9.8..7...........6.....,24,Easy
...53.1.....2.4..96.9..1.......1.5..3.2.4.6.8...3......41..5..3..........25...4..,24,Easy
.9.6.13.245......1.................618....2..6..8..9....548...932..1..5.......4..,24,Easy
86...4.2.4...23...9.75......3......6...7...9..8.6...7...5.....93....8...6...9.5.3,25,Intermediate
9..64.1....51.7..3..63.95.8...............4..18......66.97........8....1...9.436.,26,Intermediate
2.35....7.7..3.2....5.9..6...9...3..6...7..............2.76..59.....34.1.1.95....,25,Expert
......37...9............562.6.....9.51.2.9.....2.....115.6...8....8.76..3..51....,24,Easy
.47....68....7......2......4.9.62.1.....3...9.78...3...8.3.7..1...8..4..2.6..9...,25,Easy
....2.9...519...3........18.9...5....8.3..4.1..3..4.27.48..2...2..7.3.4..........,25,Expert
...8..2.4.....2....1.75...3....71.3..21...7.....36..8...4....5.7....83.....53...8,25,Easy
.4.5...6.768....2...2...1.9.85...............1.....67...64.5..2.5..1.8......829.4,26,Easy
......8.....3.1...18..69..72.............6.5..13..52.9..2.....6.5...3...3.79....2,24,Intermediate
...7.8.....751..931.8...67.546..3.8..3.......9...4.7..6.9.....1..4.9.36..........,27,Expert
.3..276.5...1...8.2...6.17.3.14.....58.............2...1.8....3.....6.2..57....1.,25,Expert
.49...62..172..8..8....41.7...7.1....326...4.....43.....3.......6.19...2.....8...,26,Expert
..9...4.......1...2....6....2.1.....4.189...795..4.....62.5..8.5....4.9.8..2..7.6,26,Easy
.....3..5..5..97.66..27.94...2....53.4...21...3.547......7...9......62.4.....43..,28,Easy
1......5.89.6.5.......3..48.8...3.946..5.13....3....1.....681..7...1.........9...,25,Intermediate
.1..3......8..26........729.2.9...8.395....6...6.......321..8.71......52....7....,25,Expert
..7196.2.....8..5....5..6.....8..........4.6.....5...46.87..591..2.......59.6.27.,26,Easy
.5..6..8.4.........871.2.5..62...1....12...45...8.......4.....1...5.1896.........,24,Easy
...41..8..2.....7...1.6.9.3.9.........8...6...34.......7..9.3..28...34.....17...2,24,Easy
....4...94...6..216..2...3.....2.5....3..4.1....5.1.....56...7..7..3..92....17...,25,Easy
.5....8.9....85..3...4...6.6.8....3.2..7....6.73..9.24...573.......9.....3.6.87.2,28,Intermediate
...2...61....713..8.6.3.....28.4.......1.7..4......239...9.2...97...6..3.......8.,25,Easy
27.8..3.99....6.4...3....62.65......49.6.7.......2....5...........9.8..4......65.,24,Easy
....4..752..........3.7..9..9.....3.....1...2...5..1...1.3..58.4....53...3.79..4.,24,Easy
.4..6...16..8..9745....7.3...59...4.8...7.....9........64..87..7..4...85....1....,26,Expert
.......9.7....26...9.6732...1.5..................8.1..8.3..7.2...6.1.3.8..52..96.,25,Easy
..7.51..6...7.8.492......8...1......49..8.1..72......4179..48............6.....27,26,Intermediate
..5...2......4.73.........5.52.31....4.7..3....62...8.6..1.8..........4..17...5..,23,Intermediate
.8..62..5..27.4...5..38.4....1.7.3....6............2.73...271...6.....3.17......8,26,Easy
8..3..14.6.7........1..9.6.....78...9.5...7......5.43....5....93..1........7.4..6,24,Expert
...4..5..412..........83...3..715...2......4..76........3..865.8...6.7....75....2,25,Expert
..7..9....4.5..3.893....1..89.3...1.....16..34......5......3..7.7..4........9..4.,24,Expert
4....3....2......1......56....7..3566.7.52....4.31.....7..4....1......72.5.97.1..,26,Expert
.1.2.9.......5..93..3..6.....2...6.9..45...8......4...52...8..6.3..1......64.5..8,25,Easy
...1....3..........5.......43...281.2....1..58...5..7.62...4..8...8...6.7.12.35..,25,Intermediate
.5..7...6.8736....6.3.92.8...9..8.45....2...8.48...9.7...2...79........3.......2.,27,Intermediate
.....75.6.9...2.8.....96...82....1.53.....8..91..7....2.....7...3...8...6..1..3..,24,Easy
.......62.4....5...2..7.8..7......5..1....2..6....5.37...3.6....3485.........142.,24,Easy
.6..94..71...........35.9....186....3....1.9..7.....8.....7....9.75.6...63..4...1,25,Easy
...5.2....63.9.2......3....8.....3...9...7..5.27...6.8.....5...5..784.9....96....,24,Easy
..13.6.......246....38..9.2.96..3........84...4......92....5...3.......891.....53,25,Expert
.5....9..8......7.7....85.13...7...5...52...8.......4.5.328...4..94...5..2......3,25,Easy
2...95..1.9.62..7.1.....6....2....5..19..2.......3.....7..5.4..9...43.1535.......,26,Easy
5....1.....3.......1798.....5.61..3.1...2...88..7.3..53...7.26.......3...29......,25,Intermediate
6..2..8.1.......3..4219.6...2.987.....1..4....9...27....63...2..1.....68....7....,26,Easy
7...4..9..4......26....23.8.2...493.....5.6...5.36..7.....9...7...6.......4.8....,24,Expert
....14.7.....8.1.39...3...8.76.9....1.8..756....8.......7...........598..4.......,23,Easy
.......2....1.....1.7.3.....73....1....8.....6..5..3.7...7.2..4.2146.5..5...8.6..,24,Easy
4...153.91.6..8....3..............6.9...4..58..398...7....71.4....8.4..5....5....,25,Easy
.3...2...9.6..71......3.7.91..3.....26.85.....9...1.5.........2......385...18.6..,25,Expert
3.....6..14.3...7.7...914.....4..9..6....5.1.5..1378.4........3....6....41.......,25,Easy
..4.........7...6......3..1.5.....3.23..1.57.84......6.....2...6...51.8.31..6...4,24,Expert
......3...43.6..79.....7.189.47.2......83.6......49...7......3..2...1.......2.16.,25,Easy
..73...48538...........9.7.3..12..5....5.39..7.5.4...2.8..7...........9...4......,24,Easy
..2..18............13.5....2.......9..63......58..6.1..4.2.538...9...4..13.....9.,24,Expert
.13.4...6....5...9..46.9...8......1......7........35.763.8..7.1....3.....58..4...,24,Easy
.8.5........3.74......82....534..81..2..........2.1..92....41.74...732....7.....8,26,Intermediate
7.154......8.2......6..1..8.6..9.....158.....4..76.2.....4..8.......9....5.....21,24,Expert
...95.6....3.815......7........97....8.2...376.....2.992..1...8...3...62......7..,25,Easy
.9.7..6......6..38.........5...2..9.3.........71..8..51.76....2632.9....8......5.,24,Expert
523....6...658.....9..7.......4.9..794......2.7...5....6.8..9..4.2....563..2.....,26,Expert
.67.....5....3..9.9...21........51.7....16...3..4..2......6.....2.9...4...6.5..29,24,Easy
.84....6.9.2.4.5..67..58..2...8........2....7.4.....56.3..8..9......3......792.35,27,Intermediate
1..3.4....8..2..4....875.1..64.......5...2.3.8..4.3.5...2............8.6...25....,24,Easy
.14.86...98..5...1...1...........49.5........3....9.6....43......36.57...7..916..,25,Easy
..791.53...3...9.......67.1.5....61...........1..7..2.9..53....27...9....38..2.5.,26,Expert
.9.6..21..6.....8.34.9.2.6.....7......6.....1..3.........1..7..7.8.4....2..3....9,23,Easy
..64.8..29.4.2......2..56.3...547...................8...593..7..3.6..8..6.....2.9,25,Easy
3.8..7....4.9.3......5....6..1.749..9..1...4..3.......46....5..5836.1...1.9......,26,Expert
.....31..3...2...8.9..786.....9.2..3...7.4....31................46....72..7..1.9.,23,Easy
.6....54........63..3.1.7...16.35.8.48..21.....7.....585.....12......8..1.4...6.7,28,Expert
.9.5........6....7..473.8.196..8.7....73....61................4.4.....3.689......,23,Expert
...2.36..1...8..7.....1.38....749...8......3.........4.2749.........246...98...1.,25,Easy
..6.4..2....8..1...9..7.......7..9647..62.........8.72.1...........61.496.84....3,26,Easy
....4.3.66..2..1.7.14.3.2....6....8....3..7....25..6..2..7.........5.....7.463..2,26,Expert
....92......4.7....6...19......154...4....6.8..1....9.8.9....21..5....6.2...79.5.,25,Expert
...2..7..8.2.376.......4..3..6.8...17.1...3.8.3....24...3....1....6....2.27..8..9,27,Expert
...1.4.7.3..758.2.18.3....5..4.9..3..3..7..4.5.8.....2........741.......2.....3..,26,Easy
....37.56....6.13....5.....5..3....1....8.7.9.....9....6912...3..8.5.....7.....68,25,Easy
.....8...9..1.6...7...4..12..96...4.1...7....84......1.7.2.......1......46..5.2..,23,Intermediate
...742.....8...2...3..6.....7.3...8......143...1..6..9.1..2...4.2......16..1.8...,24,Easy
..9.....48.3.......5.6.......2..5.6..9..7.4..37.98..2.23......77..4..5...4...2..6,26,Easy
...6.....9.7....2..5..3.97.84....39...6...5..2.......6....29.......4..3.7.4...85.,24,Easy
.38..256.6.9...8.4..5..1....8......9......64.5.4.1...8....6....2......5.14..2...6,26,Easy
.4.26.....9.5...7.6.7.8...3....5..4.8.........5.84.......6..3....54..9..932...8..,25,Easy
..8..9..19..2.86.3.6...7....2.....8...1....5.7.3...9..2...5...9..7.......5.6..7.8,25,Expert
6..1..5.8...2..19..5...7.....97.1.....8...61...78..2...4....7...96....5.8..6...4.,26,Easy
8..6..21.....4..9.9..2..3............3.471......3..1..6.8..24...2418..39.97......,27,Simple
....9......7..41.8.542..6.......1..2......84.......9.5..698...7.78...5.42..4.....,25,Expert
2....6.7.57.93.2.4.9....6......2.9..149.5.....3....1.7........5....4.3.24...1....,26,Expert
...1..3........62....3.....2.3.4....49..6327..1.27......2....9..69.1.73...573....,27,Simple
.....25.8....35.1.1..7.86.....2.1.7...28...............5....76..63...2.17.16....9,26,Easy
.4..7..69...19..54.....53.8...853.1.6........9..........1......8.5.6..4.7..9.....,24,Expert
..9..8....65.978.3.....6.........54..34.8..198.........5....4.1786.5...........5.,25,Intermediate
..9.....71..4..2...4......9..38....5.7834..2.........14.75..1.8.9.....5.......394,26,Intermediate
....831....427.8...2..........53.4.9.....25...97.4...8..2.......7.4.....419.27...,26,Expert
.......9.2.3......7.....42......1.....98......5..2..41.249.......57...8..1.38...5,23,Easy
............3594.....2....81....5..9......3.6.58......98...2634.4...3.2..62.1....,25,Expert
.12..586.8..1.6..99...8.2...7...8.....9......3.....6..6....19..2.8...1..5..9....3,26,Expert
.8......11.6...7233.57.1.6....98........27..57..5.3.865....6..7....5.............,26,Expert
.....6.7.....4.6.9.4.27....2......5.8.4.5..373....9.....5.2.7..9.....468...8....5,26,Expert
.6.9...........14.7...2439..........9..4..73.45326....31.......6.217.9...........,25,Intermediate
.38.57.2.5..19...8...3.8.75.9...3.4.......7.21..2...5.9.............5.1......493.,27,Expert
.2..8.....3.4.9.2....61...8..92.8..661.........2.3..49....25.3......16.....8...9.,26,Expert
...7..6...7.46.2.3..3........9.....58..62.43..3..75.2........4.72.......48.5....7,26,Expert
5..3..2.9...9...1.....153...8....7...3..7.62......2..81.........7.12.53..2..68...,26,Expert
...27....7....8...4.6..98..8..156....1..4......98.7....6.....98.7......5.52...76.,26,Expert
2.54.....7....9...9..3...67......3..5..7.6..9..4........291...6.....5..36...739.1,26,Easy
......83...9.2..4.......9.6.9.14..2.5.23...18.46..8.....56....9....9.......8..35.,26,Expert
...2..9..6..4..15..1..95.3...3..1.27.....75...2..6...3.....6...26.....4...5.3....,25,Expert
81...6..7.9.....2..5......1..53........25.98..89.1..3..3....57.........6..19.....,24,Easy
...4...3.7..21....2.4..8......6.78.4..1......64.........2873..6....6.3..86..2...9,26,Intermediate
..3..5.8.2.5....96.1......3.7.5....8..96...3.8.2........1.9....736....2..2.....5.,25,Easy
.19.58.....526...16.....83..97...2..18...65.......9.......8..........37..623.7...,26,Expert
.5...6.92.87..4..6......8......6.74....92......5........158.....68...51......92..,24,Expert
43...9......36..9.9..2..6..3..47.....67...9.......1..8.72...4......1..8..4.73....,25,Easy
.349.7...............81.9..687..9.4..9...3.5..5.......7.....5...4...56.1.61.8....,25,Expert
..736.9..3....7......218...839..............8....92.7..2.7.6.8.........39.1....24,25,Expert
49...57.....4..8..3.821...9.3.....9.9..7....1582..3.7......4....2.....8..1......4,26,Easy
5....321.6.8........1.5.........69.57.9.....225.9...37......3.......5....82..16..,25,Expert
3..15.2.......3.8...8.2.19...........2.591...8..2.7.1.5..87.9.....3...4..7..1..2.,27,Expert
48...27....3...1...2.1.........3.....9.8.7....7..2...5.1...3..8932..8.4...47....2,26,Expert
58.7......9....8.72....3...8.4..2..........1..75.3......83....193...1.....2.974.8,26,Easy
......9..8....95...3.87...16...52..3...7...8........1..1...5...9.21.6.......2..6.,23,Easy
..4.....17.5.4..6...36.2....6.28.5........3.......4..84..753......86...3.......7.,24,Expert
......5..9..2.43...2.5.7..4....6..9.3.97.....57.8......4..........382...6.5......,23,Easy
9..3.....6..8.73.4.2..........693....6.5.8....4.......8....5.23..2.....5..54..8.7,25,Easy
...4..9.1...8.7..392..1..4..1...8.2...3..2..4..294.1...94.6..7..........3.....8..,26,Easy
...27..8..8..5.............5.732...4..24..5.......6..3..3....7.6..1...5.2.5.3.14.,25,Easy
..8.41............13.58....4.5...3.7.19....8.8..72.5......5...2....1..4.5..3.9...,25,Expert
2..........4....3.78..4265..657....9.7....8..3....4.7......654..9......88....7...,25,Easy
.....681...5.3.6.9.6.9...7..3...7.......5.......34.....8.4..9....7...3.141.6....7,25,Easy
...82..96..643..1.....7.34.......4..983........17..8.9..4.....11.8..6.2..7.......,26,Intermediate
....38......1...7...7...92.2.........8.2135...1..5.3.......28......7.......9..651,23,Simple
.56.....184..21.7.....5........7..13......6.8...4.8.2..8.....5.3....58.7.7..36.4.,27,Expert
2.57...38..83..5...........5.4....72......1..39..1.45....29.7.....4.....9...8.34.,26,Expert
2.8..4.....1.......4..2...8...35.8...3.9.....7.92.......2..7...17..932...9..8..45,26,Easy
....42.8........5.....1.9.2.39..5..78...3.2.414..2.8.....8..47..587.1............,26,Expert
..5213.......85....1...........7.8513....17......6....2.8..751.7.....2.8....5.4.7,26,Intermediate
1..5.63............83.1..........53.5.96..2.1.14......9.....482..6.3..9....1...5.,25,Easy
5...82.4........5...6........2..168...15.4..27...9......7....952.5....7..8...7...,24,Expert
75.14........7....9..8.5..1........8..462..1.6....8..5......1.........76.125...84,25,Easy
.19...........4....65.......2.3..8..3......1....5..69...46...5..53.1.9.6....8..4.,23,Expert
..1..5.7.4.6.3..92..74....1..............6.2.......9.5.6.32....1..5......321.7.54,26,Intermediate
..49.......14268.7....37.1...7....8..2....6...9..8.2..1...6.7..6.38....9.48...1..,28,Easy
41..69....3...4.9.6...1.7..38......7.573.1..9....7..5..4.....8.....5...3.......45,26,Easy
..738.51.2386..4....57.4.6...1..6..7...4..1............7....8...4.158.3..........,26,Easy
.8.9...7......628.6.....9........152.....17..5....8.3996.1.5..3.1..2.....3.8....7,27,Easy
..486.5......2..3..75..4.6.74..5..9....47......89......3..8...........72..9.3...8,25,Expert
.3..8.7....85.49...2.6.3..47.43..........8.7.68...2....9...5.....6.............63,24,Intermediate
.....263...4..........9.5..93...47.5.2...7.1.17.5..9......5.4...9......3...1...97,25,Expert
..5392...6....71.9..7....8....1.........5.7.....963.....8...63........78.9.5...1.,24,Easy
....3..8...........4.12...77...5..3...5..8.16.....3..2........1.2.71..6.83.5.....,23,Intermediate
4...53.6781.....9....1..5.4...6......4....9..13......5.73.9....6........5...7.6.3,25,Expert
45....7........3.9..34.6..5......2....1.....33......579........72...3.64.4.5.9...,24,Easy
.943.7.....3....5..2...1.47.....4.3.5.28......7..1.....37..9.8.1..5..9.........7.,25,Intermediate
6.7.8.1...1.4...7.....9....49...256..2.76...4.5.8......8.....1...5............9.8,24,Expert
.3..7846..6...3..8..7...........284.2...8....5.6..4......2..1....8..6.........2.5,23,Intermediate
....893...8.....45.14..3.9..58.6........4.7..................1.4.375..896...3....,24,Easy
..4..952..295...4..............8.35....3.5.9.7...6.....93.564..8.2....7..5.....3.,26,Intermediate
138...........7......13.26.4.6.......5..21....7....4.......3.2526..7...47...1.3..,25,Expert
...967.2.......6..1..4.2...4.2.8.5..6...5....81....24...........5....8.1...829...,24,Expert
..........238.......8.....5.4..3.6....9.5.14..1.....9.1..9.8.3..3.4....66...132..,25,Expert
.....9......5.1..9.......8..6.1.....42.....675....6842..5....76..6.7.9.1.49....2.,26,Easy
879....6....51..2......7..95...6.9.2...3.....6.31..8.57.5..3....91...............,24,Expert
..75.8.1..81..6...6.2.9....8.......1.9.6..........4682......95....7....4......26.,24,Expert
...4..95..92.58.3...3...4.......5...15.8..6.....641.2..3..84.....4.62.1....3.....,27,Expert
69...32..5.4...9.63..9.......5...84..1....6.92......5..6..4.......5....4...3.2...,24,Easy
..2...5.3...54.7.1..4.......6...9..51...5..9....4.72..9..17..........6....32....7,24,Expert
..6.32..9.5.96.13...1....6.......5....3...98.....2.....38....7....31.6..2...87...,25,Intermediate
8.1..9....75.....3..6...5...32...6.7.....7.52......38.5.....971.....2..5..79...3.,26,Easy
.23..9.......1.......3....84.9......1.....57..7.....14.15.9..4..3.45.1.28.......9,25,Easy
..7.5..........3.49...63..532........1.........47...6...5.4...129.51.4.......9..7,24,Expert
6.....9.5.......6..24.7....2.....5...3..24.1.9..3..6.4..36..75........3......1...,23,Easy
2.4..17......7.6.....3....9.......9.3...8....79...32.4..7...38.16......7......421,25,Expert
..3516....85....6...........98.........3.1...6..2.7.....9..58...2.8..67..3.....25,24,Expert
..4.71...7.........1.94...8..879..2.69.5...1.....8..96.........97..2....4.26...5.,26,Intermediate
.1...3............5..2.1.......57....38...7..6......32..5.6..8.1....85.99.2....71,24,Easy
.9.....57.47..53.1....8..6.....5.8..1.....4.5...4...3..1..9...66.3...........7...,23,Easy
.....41..1.6.....8.......2..3.......2.4637...6.71..8..32..5..8.........5...28.43.,25,Intermediate
.3....1...4.21.5........386.....1.6.4.6.......1..8.7.3.6..3.21........5827.......,25,Intermediate
.19.42..6.2.1.......4....7.1....6....5...13.9.3.7...1.3....7.....2.......9.6.....,23,Easy
9..67..14.6.....2.1...2..876...9..............3.8...6.....49.7...7..32.8....1....,24,Easy
.....8.....6.7..........31..814.3.....4..71..35.1.2..7.2........7...1..6.4...5.28,25,Easy
1.79.........2.7....5..4..18..2..5...9...5.....24.8....6.51..9.45.7..2.6.....6...,26,Expert
..815.7........5...16..48.......519.....39.7.........4..1.8....3...7.9.....6....3,23,Intermediate
....3..29.24..8.......5.3..4.....86..6.8.74..7....6....8.....532.6..5.....9...2..,25,Expert
....7.63.....8....3.2.1..7....832....6....8.......6..16.9..7....3.5..9...87.6.3.2,26,Expert
.8.3.9....3.4.867.7...........7.6...94853......5..1..4.......5...41........6978..,26,Expert
1......9....4......39.7.2...........6..2.......1...456.13.....4..4...735..6..5.1.,23,Easy
5......4.........22.648.1..897.61.5........7.....4..1......67....9.54.2...5.7.98.,27,Simple
...82...4.54.......1............83.5...39.62...3....9.2...1.....6.....4..8925....,23,Expert
46...9...59.1..6......3.1...7...5....5...376...86...13.......8...........458...9.,24,Easy
8..7.6..1.5.....28....2...4.27......6...74....3.6.28...4.3.8...586........1......,25,Easy
.9.8...7.7..19.3.4.....3.1......5...9.73.65..86.4..........79..4..9..1.........6.,25,Easy
.82...7.4.......8.....7.....56..741.7....1..99....5..8..72....5.45....91...8.46..,27,Expert
.25...74.3.7.6..12......8........45.1.3....2...6..8.....8..73..5...8.......2.36..,25,Easy
3...6.18.2...7.53..9.1...7.7...15......8.....95...2....2...19..5.89.........8.6..,26,Expert
...1.......6..45.3....3......4.83.9...8....6...34.6.5....92....98.5..1...4...82..,25,Easy
...8.4.9.....76..16.9..2....5.4..729........8...2...1....51...71..7.8...4......5.,25,Easy
..6.......2.5.1....592.4...96....1.42.........1..3..9..45...2.........61...79....,23,Expert
....1.8.4.4..3.5...........2...8.6..51.2..3....3.5.4....8.2...9....65.8...9..1.5.,25,Easy
...4.81..8.1....97.....74....2.......17.........2....3........2.6.8..349.93.2.6..,24,Easy
5..4.7.1..1...59..89.....6......8....3...6.7.7........9...8..3.1..9.3..76..5....8,25,Easy
...4...69....57........1...4..8...13...9..6..73..4.95..1.5..8...7..1..4......9..5,25,Expert
..9.............967....85..23....8....8....515......6..163...8...569..12.....7...,24,Easy
......5....2....7818......33.1..87.5...5...4..7..41.8....7.....5...64...2.73..6..,26,Expert
.54.283.....5....2.7.4.......5..18......7.146.......3...2..6.84...78..2.......51.,26,Intermediate
......8..4...3.1...81.2796..6......4....8.........1.2..9.6..2..3...18..9..8.9...6,25,Expert
8.7.4...6....8673...9.5...4.2.....694.52..3........8...5.......3.4..8...6.8....9.,26,Expert
..3.....4.4.7..9.8.8...5.27..84.17.......9..1..4.52.3............5......9....81..,24,Easy
...6...2....831...86..5..7.....1.....17..4.5.24....8......75...7.3.....5.8..4....,24,Expert
9......65...8.792.........1.....5.79.......5...13..4..54...8.....72.....81.7....6,24,Expert
...9..5.7.415769.........6....8941..2.....7..8.......5.2..8......7....5..5.1....9,25,Intermediate
.1....5.9.4...........3....2...4...6....9.1..6.75....3465.2.9..9...53....2.7....4,25,Easy
537..82..1..2..79...963.....7....6....1.52.....8.7.1.93..............57..........,24,Easy
.21...4...36..2.....86..3..5.3.74.........24...7......1..34......4..85...6..27...,25,Easy
4..36.............7....91..........38.5...7.....79.5.66..8.1.7.....57849.......1.,24,Intermediate
...276...936..........9.....5.64...36....3.2......21....95..2....4..7.9.21.9....6,26,Expert
..7...84..85...1...........7..8...6....2...1..91.6.45.8...9..72.1.65........8....,24,Expert
.95.8....4...9.1......72.45.13..7.24.4.......8...4...3..2..9.7.......35.73...5.9.,28,Expert
2.7...1..59.78..4..8..1...9.......511.....7....92.......6.7.28....8....6...9..4..,25,Expert
..2....6..3....58..9.24....8....9......86..7..7...3......3.2.5.......9...846....7,23,Expert
71...9....4.5..9..8.9427....7....1...2.94.5.7..1.5...2.........9..27...665.......,27,Easy
.....6...75....8..4...7...5...16.4....372.1.6..5......8...43.6.....1.72..6.2...4.,26,Expert
..2....47.37....1.......2.....6.7..1.....1.36..8..2....81293......4.....79..1....,24,Expert
9......6..2.....73..8......4.3.9.5.....3.49.878..2.3..2.6987.......52.9..........,26,Expert
....4.....1.5.....2.6...3......9.8..8.2.......45......3..9.651......39..4.1.5....,22,Easy
........8......2.6.2.......8...45......1..6...9...718.25..6...4.8....7...41.78.92,25,Intermediate
.4..9.7....8726.3......5.8...7..2..88.5.3.2...6...4.........6.4.....7.2.......9..,24,Intermediate
8....7....79..3.85...6.......8.76.3919....5.....45.....1...4......8156..........7,25,Easy
......645...5.6.1.7....1.2.4...7.3....812.....63.....2....8..6..1..........2.5...,23,Intermediate
9.....2........7.523.87.1..8....53...97................1.......7..13.6.9..67....8,23,Intermediate
71.6.....5.....68...68...123..9.7.6.......25..2....8.9....51.23............3.....,24,Easy
.....824..........3...4...72.4....1..7...1.6..6...39.8.8...4.9....92...37........,23,Intermediate
73..1...22......515.............78....1..87.5...9...23.9.....78.4...3..9.57.9.1..,27,Simple
.9.4....5.75.....6.....694....6..3...3..1......2.3....2....1..7.......1...15.7693,25,Easy
9..6...24......58...48536....3.19..2....25.4...........52.8...........3.1.....4..,24,Intermediate
58.7..19.....1...5...35...6.2.........3.869....6....3...25.......7....81....2....,23,Easy
..3...7.4..18.7..6...5......1...6...8........76.4......4..1...9.56.73.8.1..6.5..7,26,Easy
..19......89.3256..5.7.8..1..2...3..............6...8..9...3.12.6.25.93.........8,26,Expert
..8.......6....5..142.........9..284.9..8..6..74..6......8..9.2.251.9..6..17....5,27,Easy
74....96...5...8.........3..3.9.75..97...4..6.82.6.........5.......9..7.823.7.4..,26,Easy
..........8..5...4...739.5.3....5.....7...2.....96.3......8..4...6..4.73....926..,23,Easy
...1.2.7....79..1..2..6.4...1....2..4.98.......7..6.9....9....3....7...4..8..1..6,24,Intermediate
.61.2..9.......4..2.39.8.....67..3..7...........1....71.2...6.89.83.1..2......91.,26,Intermediate
.5.3....4..7..61.....89..3....18.....9.....4.6.........8.51....3..4....74.6.3..8.,24,Easy
7.6.9...2.3.61...5.89..2..12..3...7....5.9.2.....8.1...2.........8..7.....7...8..,25,Expert
.2.3...7....1.4.....5.2749.9....3.2141...5.835..8.............9.7...9.5..........,25,Easy
18..3....4.59................936.......54..3..56.89.4..134...6......837..6.79....,27,Easy
.6...5.43.1...........4.............7..1..4....5...7....48725..6....38.1.3.61....,23,Easy
7....6.....1.542...2.1..6..2.9............37..6......557......23...4.9...16..2...,24,Easy
5..96..1.69.4..7....1..7....1......6..4.....3...39.2......35....7......2.......79,23,Intermediate
.21.89........13....8.7....9....7.......1...2...5.81.9.....3.85.6.1......9..56...,24,Easy
...5.2.9..3..6....6......53...1.5.3.....8..2..49.....6.9........63.1.....216.8...,24,Easy
.25.7..9............7.......9....85.5.24...6..4.81......97...8.....2...1..1.4.2.6,24,Intermediate
.........318.62......7....27....3....6.1.8.53..5.....75.........86.5.9..2.3...8..,24,Easy
.3.94.....9.....5.....36.1..6...8.7.....5...958.1.4......5..7...7.8.96..6....7..1,26,Easy
.....14....8.2...7..6....51..........9.1.2...7..9.5.16.1.59.....7..1....4.27.8...,25,Expert
...5.2.1.8.14........8...4...5....2.9......586........4.9.8.6..28..1.5....7.942..,26,Easy
1..49.....7....84.....2..1...9...48..6.......5.8..2.76.2...1...8.4..51....16..7..,26,Expert
...........3.5.9..5....3..228......37.46.9.2..65.....8.....7....5...6....4.9327.5,26,Intermediate
....1.65....9.2.18...8......56....2...2....939..4...8...9.3.....6.25...9.....8..4,25,Intermediate
45....83..1...5...9...24.....125......9.7.31...8....4....9..2......4.75......2.8.,25,Intermediate
.....54........57..6..9..288.....9..6.......5...7.3.4.7.6......9.52.8.63.3..5...4,26,Expert
..2.15..44..7.28.........97...8.79.1...1....8.........1....834...74....9.5.2.....,25,Easy
76..9....8..67..42.14.........1...8....7489........3.1...4...2.........34...89.16,26,Easy
.79...3..1.36.95..54..........1.........2..7.....3.46..........6....1.95317..4...,24,Expert
........7..2.81....4.7...2......8......57...6.6.2.45...754..1...19..74.2..68...5.,27,Expert
.18....7..97...4...4........8....6.........5.36...7.919.6.5..8.....9153.....487..,26,Easy
........6..27...8..3..1.5.....9..6.32..3..8.11......7......3......6..1.5.6.875.3.,25,Expert
4....5.....8.7.6.12..6..59.8.4.....6.6.......5.1.....8....5..29...2..8.......8.4.,24,Expert
..98.....17..........5.....92..7.13.4.5.3.7.........5....12....5.3.4..9..8....4.7,24,Easy
....31......7.6324..........3.8....98...2..4......9.6..24.1..3.....7....16...87.2,25,Expert
..28.69.5.48.5.3....9.3..7696..........4.....2549......7......93.6..5..74........,27,Intermediate
7..54...66..7....8.......23.3..2...1...61.2..5..........14.8.6......7.5..5......2,24,Easy
2.1.4.....9..8..........76.6.8..45....9..8.24.......7.8.76.....46...91......51...,25,Easy
.8....195......7.8.........8.....2....4.1.....9..64.17...6......52.9..6.4.7..5..9,24,Expert
.....316.3.7.15.2....2.8..........3.6.89.......9....7.......6...15.3....27....9..,23,Easy
..7..3.2.2...473.9.....5..4.5..9.4.2..1.6....3.....5........61.....54...7........,23,Easy
.654.....2.1.......43761..5..6..5...124.......8.2.....6..3...7......4....7.8..2..,25,Easy
.5.6.29.1.....8......49.6....591...491...3..6.....6..3........5...2.9...46.1.....,25,Easy
1..938......4.6.......1.....8..5....3..6.4...64..825.1.......1...65...29..58.94.6,28,Expert
..79...3.....42.7..3.....965.62.4...4....1..9.9...........2.1.72...........1.64..,24,Easy
...62...8..6.......5..41....6.2341......1..3.1...569...81.....3.3.4.5..6645......,28,Intermediate
8.....1.6.5...1.8.7..........27..5.....4.6..346..8..71...........3..5.2.5....73..,24,Easy
.3..926.1............4..9...6.1.52.9.........2....635..4..7.1.....6....4..2...57.,24,Expert
..6...7.....9...48...........946..7.64...382..2..57.........36.2...4...9.5......4,24,Easy
.2............1..784.........2.79..13....5.49.7.143..5.3..54........7.2.......354,26,Intermediate
..38..5.9.5649..8....16.43.467........5.7.....1....94......8...7.........38.1....,26,Intermediate
.5.4........72...6..........4...5.7327.....5.....9...2.1.....3.72.5.19.4..96.4..7,26,Expert
...5..7.........5..5..8732.7...1.2....6...41....7.......8.5.....2...1..6.15.238..,25,Intermediate
3.5.967.2.6.....9..2.83..56.81........6.2....2.......8.....9275..9...8......67.3.,28,Expert
.......1.7...293...213..75....2.5..7....9.1....9....45....1..34.9.7....1.....82..,26,Intermediate
5....293..6.9..5...2..16.78.......8.7.61.......5.3......8.....32....7...61.8....9,26,Easy
.89........3.....7...........1..28.5.9.....317.58..2......1...95.7.9.163.....6.72,26,Expert
.....1.4..4.....6..9.37...8..71.....3.6..74...85.9..1....518...........6.59......,24,Expert
.....6.4.4.6.......8...5...3...54.7.8.....3..9.436.......5.....23.9..75.......823,25,Intermediate
....78362.1.3..8......2...9..35................8....232.9.....6.7..9..5.6..23..1.,25,Expert
.4..3.6..8.19....5..6.......7.58.1......975..3.8..497.5.3.......6.15.8...89......,28,Intermediate
.......5.12.......3.....9....7.39..2.394.....6..1......63..12.7.......4..5.72..91,25,Expert
6......95.24.8..6......2..4.......7..5.......978.2....89...3..6..65......472.6.8.,26,Expert
1...................8..2..77..1..9..4..65.......7.4.612...9..1...6..859.97..6...2,25,Simple
.7.4...9..59..872....7..8.6....1....9..5......8...657.1.............74.8.....9.5.,24,Expert
.....6.......21......34....74......52...139...3....6.467....32.42.9..7..1..7....9,26,Intermediate
..3..........9.5.6..2..734.76......41....32...3..1..........7.1.1......554....96.,24,Easy
...9.....17....6.4682....75...19....29.67.4........8..7.6...2.84......1.....1.7..,26,Easy
..9.57.2..28..6.1353..8...6.5.1.26...9......531....2.......8....8.915............,27,Easy
389.4...6............9813...163.795.73....18..5....7.....19........38...4....6...,27,Expert
5....2....924...15.84....3.8.93.16..61..8...............6.5.....2.8.4..1.5......9,26,Easy
.8.65...4.7.98..3.9..2.4.....9..2.8.......26........45..8...3792...9......6...5..,26,Intermediate
....85..2..71.43..5.1..78...36..............7..86..1.4..5.....6...7.14....3....2.,25,Easy
...4.2....4....6....6..172........3..5...74.1..31.5...3...7......2..9...57.2.6.1.,25,Easy
...42...6.1...5.7.6..7...15.3.2.....9.........7.3.......3.9..42..9....6.24.51...7,26,Simple
.4....9..3.........1.2.97.3.3...4...976......2..9..........7354..31....2.9.5.....,24,Easy
32...5..9.8...9.2...6.2.7...5...89..................3.96.3....12...9.85...16....3,25,Expert
6.2..8.478.9.2..61.7.......284.16.3..63.9..2.9.........1...3..............6.41...,27,Simple
.3...6.1..85......1.....7.22....1.....7....89.18..7...........7.6.1..59.....8.3..,23,Expert
86...51....5.6..7..9...7....7.32..1.3.6....2...9........2.7..687.....53...8......,25,Expert
9...2...6.85.43..97.3.......9..8.37.3..9..2.52..........2.3.48.8.4...............,25,Easy
......6.....5...4374.........63..49....7.23.883.......52...........85.67......9.2,24,Intermediate
.3519...79....4....78...1..1..48..2.2.......5..4.29.....1...79...3..8....4....5..,26,Easy
..54.7.3.82.6..97..6..5.4......4........2..9..7...9248..2.........83....98...5...,26,Expert
...1...2.2.8..47.9.19..8.4..2.5....19...8.26.7...26.8....9...5.57...21...........,28,Expert
..1..5.6..2.74.1...5..3.2.473.........5............9...7...13..6...5..9.2..9.76..,25,Easy
...27..8..6.8..9..5..9..7..6...2.5.4.3........9...56................9...7.958.23.,24,Easy
...3.4.......5.8.4..8672.3...3............1.6.5.2........5...7.2..7...6.4...1.5..,23,Expert
.......5......24.13......7....3.8....1..64..55...1.26.6.4....38187...6....5......,25,Easy
...1...2..7..45.9....9.3..696..1....1..4..6.5.547......42..6....9.2...7..........,25,Easy
.65.....77..5...688.3..........1...6...8.674......213.....412....4..7.....8.3....,25,Easy
....157.4...8.43............81....6.2.....4.54.6......5.2......3.....6511..4.9..3,25,Intermediate
......8.5...32......541..7.2....7..4.8.9...2..39.5...7...8...9...3.......9.7.34..,25,Intermediate
..3......9.6..4...2...6..7...2.8.......2....9......34...84...9.4..758..6...3..5..,23,Easy
.2..6..3.14.....................6..3......892...17..6..164.37..2.......443.7.89..,25,Easy
35...24.7........2...43...............3729.6...7....13...2.7.941..5...265........,25,Easy
.2.5.......98.....458.2..9.16.....5...2....8.8..26.9.1...7....8..4.957.6.7.......,27,Expert
......4.9.4..253..6..13.5..39.......154....7...6...24.........2.7.5.....231.....5,26,Easy
....4...5.......6..2.......3..42...1....6.4..5.9.3...21......83.3.28.5.94...5..2.,25,Easy
.59.3...28..9..7...7...........83...71.5.....5.619..3..9..7.2.5......1..3........,24,Expert
.1..2...5........9......41..6.1...8.27.....94.4....7....4.62..88..95......2.1.6..,25,Easy
........6.4.1...5...5329..7..3......5....614.1..9..67...1...5.....2.....7.4....3.,24,Intermediate
..7.682...6.45..9.8.52.9..4....43.27....2..8............3.8.47...4...856........3,28,Intermediate
6.3..5..8..2.96.........9.71.....8.....5....27.83...9..168.2........3..........7.,23,Easy
5..267.3..7.89..6......4...3.........6.3..7...8.5....9.5......22.4.8..7.63.4.....,26,Expert
47.....3.6.5.....8..97........37...9...5..6..38.....1.......8..5.48..9677.......5,25,Easy
7......9......81..316......97........48.62.7...3......2...7.9..4..6..8....7.29.16,26,Expert
6.5.4...1.81......34..6...5.......6........3..1.58......9..4...7..9....456..1.39.,25,Intermediate
5.4.2....19.4...5..........4...3.9........125...918..7....9.8...82....3......7..9,24,Easy
5.....4.6.7....21....12..85.6.8...7...8......7..54.....59....2.61..9...8..4....6.,26,Easy
.365.27..4.....5..5.............4..86...3........18.....234.8.531..85.6...4.....7,26,Intermediate
..6...8....132..4...85.63..61.8..9...3.....5.4...9..8.....3.........149.5.42.....,26,Expert
312..5..66.83..79..9.6.........7.8...3.....6.8...2..1....5..3......81.........92.,25,Simple
8................3.9...1....62..4..974...6..89......7.....7.1...3....9.6..12.83..,23,Easy
......4..9..7.......3695......146......8......6..5..147.5...9.3..43..8.53.8...6..,26,Expert
........1..2..1.74.7.......39.4...12.4...78.......8.9.4..3...2.2.7.59......7.4.5.,26,Easy
5......7.3.2..8.5...1.7.2.9.2.6..9.8.......329...........917......25.39.......5.6,26,Easy
..3.759.68.5.93..469.4...8...............6...5....9..136.5...4.91......8.....41..,27,Easy
...364....6..9..7...18.7....72...8.33....6.9.69.7...4.4.7...3.....2......26..8...,27,Easy
......648..467.5....8..2...2.1.5..8.....4......5...327...1.5.63....2..5....8..7..,26,Easy
5...2.......3...1..2.5.89.726.9..5.3958....6............5.......7...3...1967..8..,26,Easy
.6.3....2..97..38...59...7......85.3........6..4...82.7.....43....87..9.9..2.4...,26,Expert
3.4...2..97...23..68...95.4.....6.3.4..7...8...9.........2.8.....64..92...3......,25,Expert
.....5....1.......4..........9.4..1.147.9.6.2.8..7...58.16...9..6...47.....12..5.,25,Expert
..1.6...7...2.7..6..24.1....145...6.6.8.3.4..2.....37.......2.......6.85...1....3,26,Easy
6..41389.....8..24............7.2.1....3....94.81.....9......8..7......2.....7436,25,Intermediate
.835......4...62...69..2.58......7....6.3.5.........69.........32.8....7......693,24,Easy
....7.61........8..5....7....2....4.3..7625....8..1......38.4.7...4.625.....1....,24,Easy
8..6.2...6.59.....7.9..3..5....2569.....7.........9.8.9...4..27.....89..2......46,26,Easy
9..5.8....4.79..5.7.8...9.......173..8...3.....3...51....9......9..856.1...6....4,26,Expert
351.8...6.4.953.2.2....1.....6.......1.63....4.521....5...2.....8....9..1.3..8...,27,Easy
.9..1..7.8.....6..1....34.....87..2..4..3..8..2...9..6...7....3..2..6.4...9..1...,24,Intermediate
.1....69.3.7...1.............4.639........5.46.8.7..3...9.5..4.4.6..8.5..5...4...,25,Easy
.......9...67.5..27...2....65.2...4..39.46.....4..7.3.5....9.....3.7..64....68..5,27,Expert
......6...48.......1..8.35....9..1.7..4........6....9.47...39.68...16..4...5.9..3,25,Easy
..7.2...8.461.5.275..8.......2..1.5......9...754......9.5.6.....1..4.......5...8.,25,Intermediate
......5......6..2424....13.3..154.967...39.52.............45....5..9..1...97.2...,27,Easy
...5..1..7........45.2.1..8...8.32.7....4......671.5.4.1..584....21......4.......,25,Easy
....7....4..2.83..2.15...97137.....9.8..1..42....9..8.7....2.....41.....8..7.....,26,Easy
..5......2...6371...975.8.2.......9.........16..891.....83.........28...35.67..2.,26,Easy
3...4..8....1.9.4......29.54..9...3....87..1.........4.7....2.1..9..1.73..5......,24,Expert
..93..1......5.2366...2...9....61....1.2.47......7.........5.....791.4..56...29..,26,Easy
2.1..4..9.395...4..8......2...9.......8.13..51...72.9........5........287...3...1,25,Expert
......2...65.....78....4.35...56...2..74.218...4.3..7..1...6.4.....5...17.....3..,26,Easy
..1.....42.9..16...5.4.38...8.2...19.2..35..84..9.........8.2........5...........,23,Easy
..8.41.9..7.8....29.6...84.......2...5...8........24..49.6..7....7.9....28..7...5,26,Easy
..745...85.1.....7..2..14..............2.78...8.6....5..8...7......8...9.6.1.5...,23,Expert
...........9..82.......6584......6.1.6219....15.....2...6.7.8...7....1.54986...7.,27,Easy
7.6..1....2....6....94..7153.5..4..9..291...3...3......64.3..91................5.,25,Intermediate
....9.6..6......3.....3.....312..7.....3.1..44987.......4.......7962..43.6..1..7.,26,Easy
.......74..........8.1....35....4..1..9....363.6.5....95.67......4.8.3..168.....9,25,Easy
...4....9.7.1.6....629..1.7......216..9..28.4....3.....87.4.6....1....2..2....4.3,27,Easy
7....45.3........7.5..38....2..5.3..56.2..9.4.3.8.....47.............6.5......84.,24,Expert
.6.7.1...74....6.8.9..4......63..98.5..8.7.3.....6...59..65.......9.3.....1..8...,26,Easy
57.26..14.6...1.....9...6.3...9...36...3..279......1..92.14...........9..3......5,26,Easy
...6.483.....35..234...9.6.2.......193...6.4.1.........1....9....5....1.69....3..,25,Expert
...4.87....8.9.1.5..6..3.4....1.4..991...58.7..7.........8..5.....7.9..4....5.6..,26,Expert
3.....74....1....979.8..3....1..9.7.2....64..438.1....9...7.8..1.6.......8.......,25,Easy
3..79....4.7.35...5....8..3......4.1...1...9.......3....2...5....9....178....3..9,23,Expert
97..364.....4.12.........3...9..3............4.5..91..6......2..2...4.673.4..79.5,26,Expert
4..56.8..5.1.3....63.....25..7.8..4.2..37..6.8......1....2....7.2..5.......14..5.,27,Expert
.5.7.1....1..3...94.9..........5...69.........3...8.2...5.6..1..94.1..3...7..4.92,25,Intermediate
.5.46..38..7......48....9.5..3.7.......1..........619...89....1..5.8.47.6.4.3....,26,Expert
.....2...2..43...9..9.51...3...14.....5.7.1............38.9...5.4.8....27.....9.8,24,Easy
..6..7...53..8.69..19.5....3....9547...8.3..........6.............1.843....6..95.,25,Expert
......874.4..2...9...86.5...8..5.4.........9....29...7.56.....2.93..6.........7..,23,Easy
.35...8...82.3.59...985..32....9.45.....4...69.3..7.....87..2.........8...7.....4,27,Easy
25.9..6....75......4.7....1..8......6..19.4...92..5..7825.......6...1.......7.9..,25,Easy
...2...3.........1.....3.....58.2..9.....62...635.....62....1..3.815..9.1....9..7,24,Easy
..1......9.2......6...7.8..36....1..7..4.3...8....29.7....846.....2.63.........9.,23,Easy
...8.5.....3..6.9....4.....9....27...36.....454..68..9......6584....9.3....783...,26,Expert
.98.7...4..1.587...2...4..9.8...7.1...34...9...9.15.8...............1..553.......,25,Easy
.928.1..6.........8...5.3.2...18..6...146925......5.8...35.........23....2.9.61..,28,Expert
.5..7392...6....73...5....6.6..9.3.........1..15.......2..1..59...75......4..92..,25,Expert
.6.4.3..8...8......4.16...3.9.5.....18...9.....3.....1.54.....6..7...8..9...854..,25,Expert
.571..8.9.19...2..6.......32.....3...869.37..........6..15.8..........7.9.3..6..1,26,Expert
...4.32.5......83.........44..8.7.2........8...5..91..8..3.....29.78..4.3...9..7.,25,Simple
..8..2..116......29....4..........2.......67..2..89..4......5.....875.1..79..1.4.,24,Easy
8.....6373..16...95......4....6.......3.5.9....7..3.8......946.6.53.1...1.....5..,26,Expert
9.......715....982...5...4...39.2...7..81..2..1.7.4..3..7...15.........4.8.....9.,26,Simple
8..9........5.........37..5........9...6......9..41578..537.96.3....4...1.6..9.34,26,Intermediate
.1.98....3...........2..3158.7............29..........58.7.91....38...597...52.84,26,Easy
......4...3..4....6..895..1..3.86.9.5.813....9..........5....1..8.3..2..34...8...,25,Expert
71.9..62.365.........1.....1...9.46...32.1.5..7..6.3............9.7.5...23.....1.,26,Easy
64....15..85...3..9.7...46...8....4..3...7......86...7.....5.8...94.8.1....973...,27,Expert
...75.4.81..9....2.5...2....7.......4.....3..9..4.....2...9...4.8.5.172...3...5..,24,Simple
......8.9....29..6......2........1....67.3..812.9.8..7.9.1..4.2.....2.6...387....,25,Intermediate
.17....9...35..4..25.1.......6.92...4.......67..4..23.5.......4...7...693....1...,25,Easy
..97.5.281..4....3.7..1.5......38.....4.........2.9.....81.49...41.....29...2..7.,26,Simple
2.761.....9......1....9.24.3.28.9.1............134........2..788..1.3.9...47.....,26,Expert
.....87.5.4.5........3.981.1.2....3....13....5...27...2.9.1.5..3........4187.5...,27,Easy
8.3.9.....2.......14..........6.8.276.8....1......48...1...9.7.3...719.2.724..13.,28,Expert
......1.8..1.27.3............6..95..23.....6..15..37...63...875......3.29.8......,25,Easy
..2.5..1...3.26...8...139...4....8....8.6.43..9.4...65.......2...1....5.....8.3..,25,Easy
5.....968....7.3....4.........6.7.2.......597.8..3....32.46.....7839...4.4....2..,26,Expert
.23....87..7..2..55..8...1..5.9.....4.951...3.8....9...7...3..8.......41.........,24,Intermediate
......8...2.3.85..47.....6..5.9.....8...74...9.356...........4.76......9.3.......,22,Easy
..9.2............6...417.3...27...1.3.7.4.6......68......6.91..7....13..6..2..7..,25,Intermediate
.5...3.1278.5..4...34.8..9......2....4..3....17...8.......9..8..9....5.1..72....4,26,Easy
..7...2...65.......4..78.1..764..95.....596.7......1.2..49........8.2....1......4,25,Expert
.........6...3.........72..7..62..9..6.5...32....935...5.........93..85...8..971.,24,Easy
.1.26.........8.....41.7.2.1.2..56.3.6..2....43.......5.8..3..1..18...4.....4....,25,Expert
.1..3....7.529.3...2..8...........18.5.36.9.72.7......37..2....6....5.....97.....,25,Easy
8...31......6.25.8.6..9.3..3...1....62.9...4..9........5..6....1...896.....5.3...,25,Easy
....3.17.4......5....4.9.6.3.9.74.....7.6...8............64.3.1..5..1.8....8.35..,25,Easy
1.9....4....6............8.....35..9..6......54.....1.85...64...1....83..3.5.1.67,24,Easy
..........1.3.5......1768...6....4..48....7.193..4..6.6......43...5.3..8....67...,25,Intermediate
4..7...5..6........8...69.46.9..5...3......6.....7........4.19.5.8.3..46.1...957.,26,Expert
.175.6....3....4.7.2.......3..46..........1.2...........5.1..4.4..9.5..1...7...39,23,Expert
....93.2.4..6.2.....8.1.5...5..6....2...41.3..14...96.59....1......3.8...........,24,Simple
...74.2.........7.54........96....2.....137.......41....2.7.31.41..65.9....3.....,24,Intermediate
.785.3.....2....1..4...8.........4.6.8.....2.1.....7..6..23..574....63.......5..4,24,Easy
8..5912...9...7.8......8..664.7....89.8......2..8...15........2...2.........1.5.7,25,Easy
..89...53....8.4.9..45..8.79...43....2.6.9.........5...7...........783..3....5.6.,25,Easy
....2...1.......35..6.4....3....9.8.2....6.........14953.....98.91..32..84.......,24,Easy
45........23.74....6.8......4..23.9..7..9....9.8....6328..6...4...3....75.....6..,26,Easy
..9......2.........8....69..3...4.5...6.8.9..5..2..74..2...8...6....937.8..7.34..,25,Intermediate
6...1..3..14........9..........2.5...954.8126.8.9.......3..6..2.6..93.8........4.,25,Expert
..2.....7..68...1...517.2..1....69.85..9.3....2.5.8.....8....2.......6.....6.5.9.,25,Easy
.....146.........3..7.681..2.....546..4..5..7..31...8..3.....2...12.....5..3..6..,25,Intermediate
41.......6...4..82...976...9......16.....5.......2.8........6...6.2.715.14...829.,26,Intermediate
.1.2.9..38..57.2......3.1...9.3.....5..7.8..9..1..65.....8....5....2.7....5....86,26,Easy
..4...8.9.....13.25......4621.56...44....8..3.5..429..8...39.......8.........4...,26,Easy
.3...8....4.....53...5.2......4619.2...9...8.........6..5....3...26..4.8.6..13...,24,Easy
....3.62...1.....4.........1..4.2...6.4.93.8..2..1..93......1.6...26..795..7.....,25,Expert
.54...7....7.3.5.......8.42..1.7..2..8...3....35..1.......8...91....9....9..42.1.,25,Expert
...4...93....215.....8.....75..8.9.1..3..54.2.2...7....1.....4..4..19..5...7...8.,26,Expert
.63.27...4....9....72.5..43......6.....6...8..85.....2.....57...4.3...59..9..4.6.,26,Easy
1..92..74.....8......4..2.93..5.......4....1.....89....5..32.48.......31..17.....,24,Expert
...1.23...6.....7..52..76.9...........42......3.5....26.173.5....54....697....43.,27,Easy
.145.63....713.........7....752.1.9.49..7.1.2.3.9..67...3.1....6...2.......4.....,28,Simple
975...8.......21..2..65.......12...8.92..5......8....7...9..7...53.....1....36...,24,Easy
......685...943..11.........8..5....3......1...6..8.9....2.......8.19.32.9...5.6.,24,Expert
.8..9....4...6.1..7..3.2..8..7......9.....4....4..3.9.3.....2.9.....6..16..7.834.,25,Expert
8...7....5.........3.........1..34.....7.82....721.5.....12.84.62..5..31.4.6....5,26,Easy
...1..3..1...2......59.7.8..48....2.....83..7.1......8.......7.47.2.9.1....5...4.,24,Easy
3...1..72..7..56..4.97...5.2...54.6....932..............162....736...1...........,25,Easy
.....2..4..6...1.......7...2.57.49...1....8....8.967.....4..6.9.8....2....9.5..18,25,Intermediate
..1.4.2........8.....9...5..7.5....12...3..95.1..84....23.7.....8.45.....97.....4,25,Easy
4817......9.8.....2....49.3........2..9....3..4....61..78.1..9..2...........3..61,24,Easy
.6.2....5..2..9....4..3.....5.6..2...9..157..1.69.....31..7.5....7....1.....5..4.,25,Easy
417.2.3..9.8.....6.6.1....4...8.4.7............96......21.8.6..6......1....3...42,25,Expert
8...24...5.9.8..1.24.5.738..97...245......793..........2..4.5.9.....51.4.......2.,29,Intermediate
..9.5....3...8....7.....91...1...59...469.1......7...6..73......637.5...59..1....,25,Expert
.1.8.......5..23...6...49..29...86.3.4......8..3........4..35..1......9.......1.6,23,Intermediate
.....9........1...3......2...3....8..5..1..6.296..8.43..58......1..43.568...2.4..,25,Easy
2.9...1..1538....9..8..........4.....41......6.25.9.......2...88.54..3.6...16.92.,27,Expert
..76.82..13.....6......395.926..7..17..1.......3.2.5.....5..8..865.......9.......,26,Expert
....3...66..9.7.3.79.8.5....3..8.4........7.........1.3.56..8..91.34......6..8.4.,26,Simple
74.5.......68.4..3.5.2..94.....67..9.8..3....3......65.....8........98.7......25.,25,Intermediate
.6.2..7...4.........9.84...6..1.......384..2.2..73...9..2.......7.49...1....27...,24,Intermediate
17...3........4..52..71...36.....3.9....4....3.1....2..2..3.........67..91....54.,24,Easy
9......78..3...4...5.1......683.9.4...47..3.........6.71.8.......5...1..8....69..,24,Easy
7..8.3....1.2.....65.....1.2......7.83...9........513....1.72..9............9.8.5,23,Easy
..37...42..9......4..1.9.86..1.....49..3..8........19.86....2.9..7....18...2...7.,26,Intermediate
........9..61...7..5...6.81......96.6.489....1......4.8...6...7..978..1......5.92,26,Expert
......2...56.2...19.....58..3..1...9....72.3.7.9......5....1....8.....631..6....8,24,Easy
19..537....219..6....2...3......6..........2.56.92...7..7.3..549........45....2.3,27,Expert
.5...1..36....85..8..53.7165.......74...5.12...862.34.....1............174....8..,28,Easy
.....6..11....5.4...47..326..3...6......8.5...6...4....4......3.8..62..73...1....,24,Expert
..3.......9.5......7.2.38.......93..6....2.59..564...728...............6.5.3.72..,24,Easy
..24.6.....371.2....13...96.........9....3..5..6.7.3..14...5....7.6.4.....9.....3,25,Expert
4....92....8..15...1.374..8.2..4..............87...............7..5.8.315.9..2..4,24,Easy
..1......7..9.4..64........94..827.........94..5..96.88..5....95..14....614....5.,27,Easy
.5.8.1...4..95.......2.3......4..8.5..2.194.7......23.8..1....39.7........3....51,26,Easy
1.......54..1.......3.....7..4.15.3..8..4.7....7.3.6.....25...42..6.....81..7...3,25,Easy
..6..4.53.4...1..77..35.1.....7....19....3.......65......89....13...7.6.68.......,25,Easy
..5.9..2.39..1..7......73...3...95....2..1...1..2......71.....6........8.86.5..9.,24,Easy
2....91....3..6.5....83..2.61.9.73.......5.8..7..6...9.3....576.9.............8..,25,Easy
2......8...8.....7.5......3....4.7..7.3.2...85...8.9.64..87..62..7.34..98.5296..4,31,Expert
.7...8...1..42..9...8...41..8..7......9.1362..362.4..7............7..2.1........9,25,Easy
7....92.89..86..1...81.5..325.........19..62.697.............52.7.....3..8.23....,28,Easy
2.1....3.35....941..9.............1.........7.7.5.14.8......2.....32..945.7..4...,24,Easy
..4..3.2..1.2...7.....1.8.....3.9.4..6..........48.1.7...6..9....792..36.....4.8.,25,Intermediate
..5..64..1.8..4..59.........7.9...4.8.....79...6...82.4.........57..86....1....8.,24,Expert
.7.2......2..4.........714............7.3....13....89.6.4.723.83..46.71.....984..,27,Expert
.2.1...7...7..641.4..9....8.7.4.....1..87.2............146....9...29.....56.4..8.,26,Expert
5...2..3...7.8.....6.754...6....2....2.....484.3.......796...8.2..9.......4....7.,24,Easy
.6....27...4.....5.....6......524...4.8...5..3.28.7.962....9.6389............5..7,26,Easy
.18....53.......7..36...8..921.6...8.........3..7.891..9.12............7......165,25,Easy
4..........149...6.6...5...273.........6..2....9.71....3..1..64...5.......234.19.,25,Easy
..7.4.8...598.....3..7.6.5..2.67.58.6.8.....3.95.8..4.83...........9.....42....6.,28,Expert
....8......36.....67.2.1....8.4.23..4......2...6.3...7.2...768...5...1..1....37..,25,Expert
..45..3..........8....18.75.5.....6......374....7....3..14......7.39..1.8....5..9,24,Easy
....937.......8..6...47..5..4..6..9......4....762..3.5.3............7.248.9...53.,25,Easy
..........7...8.4.....96.3...6.....77....1.9....8..2..9.36.7..4...1.49...2.3..6.8,25,Expert
4..2...37..6..1..8.8....4.1.....526...3..........1.3.4.2.3...8......4....18......,23,Expert
..5......26...9.4...8....6.....7...3.....2.9...39..48.68..45.2..3..9..7..2...8...,25,Intermediate
.....9......7.2.8...........8...4.9.71..6.2....4..3..6....2..6.82....34.36..1....,23,Intermediate
2..4.86798.........14....5..8....2..425.....8..6........87..5..1....6........2741,26,Intermediate
.34..7.6...1.6..9....3.2..739.1.47..5........1.75.32..2.........5.....1.......3..,25,Expert
5.....94.8....5....748...3.2.76.....4..3...25.5..7...6......6.........9468...325.,27,Easy
.75.......92.7....8.4....2..4.98..7......1.....8.4...2.5..2......76..51...15...9.,25,Expert
..58...61.9.52....8.....7..1....3..9..261..........8........5....9..8..2267.5..3.,25,Expert
.4.29....1...6..3....47.5.6...92.7....6.5...3579..............9.1....2.5....3.41.,26,Easy
9..2....68....5..954.6.823.432....8.........56.9.3.....7....54..........3......9.,25,Simple
4.2..7.8....5..32.......1......6.......2.....136........7.36.5...48....66.372...4,25,Expert
7....34..4.......2.32..6....4...51.7...2..3653..1...4.6573......2...9......5.1...,27,Intermediate
1.....7..6.4..31...2.6...4....4..2....3.......8.1.....3..5....2.5.8.7..421...48.6,26,Easy
.3......6.....1...2....65.8..5...8.17.6.142.381...5.4.........4.5.7.83..1.24.....,28,Expert
..7..1....14...2...6.........2.6.35..4385...2..57..6.4..83...1.5.........3..82...,26,Expert
.6..2.79..7...5.1.........6247......6.5.3..........1.4....97.6.........5...65.923,25,Easy
9....8....2.......3..215...5.8.6...........394....2..1...6..9..8.29..1...3.8..4..,24,Easy
......4.5.......7.2..4.1..9..8.....23...1..8..24...5377..3..25...........15..8.93,26,Easy
..8.......6....43.9....82.....192...13......9...6...8......1.5..254.3.6....92..4.,25,Expert
.9.2.....2.6..7....37..4..9972.65.3.6.4...........2.1...5..1.4.7........3.94.6...,27,Easy
.8..72..3.5...1..7.3.4..........7..5...2.37..3..1..4....1....8.47.....2....95....,24,Expert
.9.5....1.5....7.33.7....8.....9...7....6......341.9......5.....1893..467..1.....,25,Easy
........2.9...24513..5..8...8...4...7.....3.8......52.......983..792......5.4....,24,Easy
.4...16..5...32.4..71....2..3.95....9............7.....5.36......4.....916.29...7,25,Easy
.3...9.......1627..1..83...24....31...8...9...7........6.7..4....3..48.9..1.6....,25,Easy
4.63.8.....24.6.9..98..7.6.......2379..2...5.........6...63..742....45...........,26,Easy
9.2..8.7518..4.6.96.....4..........8....6915..6..819.7....7...4.....5.1....9.....,27,Expert
....2....12....7.....197..4.7.....56.....6..9...581....1.2.8....5.4..6.2..8.5..9.,26,Intermediate
....5.1.65......3...2.96..5.4....36.7.9..5..4.......7.9.3...64..26..97..4...3...2,28,Expert
......1.9......372.7.....5.........3..1...9..53.2.9.....59.2..7.145.72......48.15,27,Expert
........3.....4.1.....3.57.....2...53..7..9........74..7.4.5.61.41..6..29.63.....,25,Expert
681..35.99....4....7.....1875..9......6......8......75..4...3..5...6198.....37...,27,Easy
..5..16........13..............4....8..3...1.7.4....8..7.8.....31.7...98.5..6.4..,22,Expert
....4.2...3.629..7.4..38...18.....4.3....1..2.......9.42......1.6..8.3..7..9.4...,26,Easy
.6.....9.9.4.....1.....6........8.6..1....3..89.167....3..9.7..67..8......13.4.5.,25,Easy
...4....8.81...46..3..96.....6.72..3..8.........14.6......3...7.6.....81.72...9..,25,Expert
....6.48.8..9.7.3.9.4.2..1.39..........4........1.92..7......2....7.81...31..2...,25,Expert
.52..6...4.89.2.......1...3......5..2.......9..6.9..1....5....4..1...3.694..3.1..,24,Easy
.98..4...........36...32..47.4.5.9......9.58.9......67.3.5....92.......8..7...2..,25,Easy
3..62..5..8.4.7..11.6.5...7...7..64...3....726..2..1.374.....3...8......5........,27,Easy
..18...9.....7..3.2.....6.5.86..9.....2.1.9...5.7.8......592.6......6.27...18....,26,Intermediate
95...3.8.2....4...86...154........5....1..8..........6..5....3242.6.9...1...2.6..,25,Intermediate
.....6.3.........2...9158..6.3.5...1952.6....8.1...3....8.9.26.3...8.........37..,26,Intermediate
.9....7.......7....3.84......87.......7.2..499..5.3..........3..2.689..768.....5.,24,Easy
1.9..6....27.89......1....6.........3....28......95163....2.9....2..1..89...5873.,27,Intermediate
2..179.......5.9..6.........9761...28.5....3.1.6..2............7...98.6...82.15..,26,Easy
...........841...7..3..76.5....31..2.........6..5.2..1.842.37....5...2.8.1.8.....,25,Expert
41.........9....2....51..899.6...8.48..4..5.1.........5.....6...3..5.2...6..2...8,24,Easy
3...8.5.2..5...14....4....31386..2.........1.6.....8....21..67..6.85.4..8......3.,27,Expert
..3...6...9.3.8...4.72....8..4....9..8..43.5.2..9..8..52.8.6.........7..3........,24,Expert
.851..4.3....5.....1.7.....3.2..9....5943....8........4..27.5.8...9....1.385....4,27,Easy
48.5....6.61..3....5...7.8154......3....8.2....3..467.....5.....7.1.6.3..........,25,Expert
...34..188...5...........7.45..8.....17...8...3...4.....6....455....1..23..7...61,25,Expert
..7...2..3..6...4.6.81..3.5....2..7....5.1......48.1...3.7.56..17...4.....6...8..,26,Expert
5..2..6.18.3.9.4.29....53.86...2....2..561........3....2..4.5.....1.6...4.8.5....,28,Easy
65.1..7.9..3...18..7.3...4.....4...7........6...659......465.9...8...........1..3,24,Easy
.5...9.......647....7.3....1.....4325........9.3.7..6..9......6...24...7.4..1635.,26,Expert
.7.6..9...19..46.2...91.8.5...74......8.9.2...9.1.2....8....4.....5.7..6......5..,26,Intermediate
.1.2..7..2.....84.3.7..45.1...........58....31..4.5......5...92.8..194.5....7....,26,Easy
2..6.9........26......1.....9...6..2.7..8...5..17.396.8....12....9..8.5..6..3...8,26,Expert
......149..3....7...........9..814..51.4..7...3.9....5....9.86..7..5......986...1,25,Expert
85.6.4...4...1......72..4.......19.2......8..6..59.....6.8.2.5...9.6..2.....7....,24,Easy
.3.....7.6.7.24..994...36...........3....62..5.....31.1....5...42.3.9.6....6.1.4.,27,Expert
......31......6..7..9.375.8.3.9....685.3...7...46.8...4.8...9.3.....4.....5.....1,26,Easy
.3.8..4...2.651.3.1..2........1.96...8...........63...4.....1.8..9........8.4.359,25,Easy
..4..1..65........7.396..1...61.45........7..3..29.......45..9....3261.........3.,25,Expert
.8.......16..7..5....3.18.44...9.53..9...674......8.....3.5.......74..16......4..,25,Easy
9...2...8.....4.....6897...17......4...4..89.83.....21........6....31.72.1.6.24..,27,Easy
.4....97.2.91.7.4.....8........9176....6.....9.......3....2....8....4..662.3....8,24,Easy
.......648.3...9....5.7.....3...75..9.7.4628.....3..49289...............36.8...9.,26,Intermediate
19........3.........2..48....957.2.....19.7.5.7...2.......4.3...8.2.5.1..57.3..8.,26,Easy
.......8.6..9..14...2.....9...83...2..3.1.9........6.8.4.......8.9.235.....4.68.3,25,Easy
2.6.5.........3.....31...56.157...6.762....8...........41..63...38...71....4.....,25,Expert
....1......5..69...67.....3.....1.92...932...........5..31.927.7...258....96...1.,26,Simple
.6.3...97..48......7....4....8.926....3....8.......5.2..5.....93......6..96.3.2.4,25,Easy
.......81....83.....94.5..2......73.8...572...4..3..5..3..4...5.14.7.9...9....1..,26,Intermediate
.49......5...........61.......4.9..849.15.7..6...7..5.......974......8..953..7..6,25,Easy
...93.5....17....6.73.2.9....93...5.........21.5..7........541.76..............2.,23,Expert
.....2..3.....6....2..8.756.82.1.97.6.1..5...........5...9..2.1...7..39...3..8...,25,Simple
.7...3.6.3.6..7...8......9...4....8..2....7..7....65.25....947..4.......9..7.8..3,25,Intermediate
..3....1.1.7...42.62..8.9........3..3..6.789.2..4...71..4.69.......31......2.....,26,Expert
.6........4..8.765.....7.2.4...3......1.2.6....6..45...2..68.57....1.......54.1.8,26,Easy
37...9.....81..3.......549....5..7.........414...13.6...4...17...76...5......1..8,25,Expert
.....2...14...3..63.6......4...2879.....4.....729.......4.816...8..6.942.........,25,Easy
7.5...423..3..6.5............6......8...5.74...27.438.......57.6....8..9...24....,25,Expert
5..8..7.9...91.5.........68.6.......7.1..96.........84..8.7..5.4.71......1.26....,25,Expert
7.1..3..438...1..2.5....1........62....5..7..8.41...5.5..4....61....54.....2...7.,26,Easy
.18..54....2..95..9.........6.....1..4...8..........87....17..2.795.4..6..4....5.,24,Expert
..3.....858....62........54..42....591.8.3.....641..8.4.....56..2..6..4..3......9,27,Expert
......6.25..7.8...1......9...7.85.3.9..2...6.....6.......52....2....67.1.7....9.3,24,Easy
.9..7...337.61...............9.4.6..5....917.6.....98...3854.......3.....1......7,24,Expert
.6.8.5.7179....5......3...62..31..8..8..2.7...........65.........8..2.......9.3..,23,Easy
..25...6781...6.2.7...4.3.......324...7.......56........8...41.5..2.1...13.....5.,26,Easy
.8...4.3....1...9.6.2.374..86.4.2...2.7..38..3.9.............13.........9...8..76,26,Easy
.6..5......58.4...9..1.3.........46.81........3.6.9.8.5987...3.....9....7....8.4.,25,Easy
.63...8........4.....9....3..9.8...2.8..4.....7.329....98.73.4..1...629.72...4...,27,Expert
.3.1742...4...8.9.2.........7....4......978..8...42.6.91......6.87.1.............,24,Intermediate
.3....2...8...3.5.....2...7...2.....29..81..6.1..5.....5....9..961.7.53.3....57.8,27,Easy
......3.42.........6.95.7......3..12.3419.....5....4....9...653.7.....4.......9..,23,Easy
.81.3..7........359..8.2.......19.2......6..32..3..68........9....17...2.6...37..,25,Intermediate
....9.64....1..5......26..3.7..452..9.367....4.1........4..3.92......4...3....1..,25,Easy
..2.9.53..6..3.4..94..2...6..........913...2...4.7.....17....4.2..4..165....5....,26,Easy
36.........1.......584.....2...4.16....2..4.7.45.673...3.......826..3.7......2..1,26,Intermediate
4.6..9.7.9.....63...7.8..2.7.8.3.5.......2.......4.7.....49.......6..4..5...28...,24,Easy
26.1..84..18..5..7........6.7....96.......5......7..248.....4.9.41..6....25..1...,26,Expert
.8..2..79.7.19...2..63....4......98.4....9.....1............4.68..27..1...2.6....,24,Easy
692........79..1.2.....4....2....3....1..2.8.4.8739...9..3.8...17.....48.......7.,26,Intermediate
.......28.8....3.......641...6..2..42.398.6...58..49.....1...........856.9..58...,26,Expert
2..1..68.....3..95.6..2....3..284.....15..93.4....1....9..6..2..1..............63,25,Easy
..8.36..1...2.4..741.78.....4.1...2...5...6...368.....6......7......783........1.,25,Easy
.....54..4......61.8.6....9...5......3.41...8..9..2...8.513.....6.8...9..9.....3.,24,Easy
91....3....4.3.5.16......9..59...............8...1......836..12..2.4..3...39.14.6,26,Easy
....75.3....6835.9...........1..6..8.........73..512.6..85....1....1..9......97.3,25,Intermediate
9....7...5.....7.2..31.9.......8697.8..3....5....5...3.6.2..1.....9.8...3.1..5...,25,Easy
..5.7.21..2.4.........85.3..9812..45.....3.21..78..39.7.4......85........3.......,27,Simple
....476.59.1..643...4.................3.9...........194..35...6.29...5.156..2.3..,26,Easy
....42...1...3..8..9..1..7.4.....6....1..4.293.2.9.1....6..8.12...1..........67..,25,Expert
.....2.9.......8.....9..532.43..82...6.5..9.........5..1....62.498......3.......4,23,Expert
...3.4....2.78.9.......5....75......2.3.51..4.1.....9...1...2.39...3.4.1...8.....,24,Easy
3.41......2.6.4......3.......3...9.4.8...91..4.52.136.6...5..2........86.........,24,Intermediate
...............17465.73.........7....1.....2.9.25.4.6.7..9....6........21..6.54.7,24,Expert
.....7.3..31...2..65.......78.65....2.......7....4.3...2...4..5....1.....1.8..6.2,23,Intermediate
31....76..5.....39.8.....4.4.63.........7.8....79.1.........3.1....9.4...4.....95,24,Easy
..374.9.64......7..659.1.....9...8...4.8......1..3.5...........9...8.36.837......,25,Easy
..4.5.27...36.84.9.5......8.4......6..2.8...4......7...97.2.8........93....5...6.,25,Expert
8....6.75.5..........79..64..76.8.3.........8...4.......3.........26...9.4.8.9..6,23,Easy
8...2.46....8..7.....7152.3...5..3.8.......7..8....6.564.17.....3...8..6...4..5..,27,Expert
......6..7....3...6.4.7.89....2.59..........8...497.....78..5493....4....6..2.7..,25,Easy
.8.1...5...95..8.72.....9...46.........8..6.9..5.792...9.7............4.1.4.....6,24,Intermediate
6....2173....9.5....7...4...5.1.....7.2.....143..25....6..7.....9....7..2.....645,26,Intermediate
..8..7.........163..6.9....1.3.....8....2......9.78.4........94.....328....912..7,24,Easy
1..436....5..7.9.3..7.......91..4.6.3...6...4...1....254...2.....3.15.....6..7...,26,Expert
...734.9...5..8.....1..67.46.7...941....1986...........5..............39.8.36....,25,Expert
...2.5..7..381..9........6.....3..7.....79......5....95.139..8..36.8.1.5.87.....6,27,Easy
..6597.83.....8.7....3..4..3..8...569..61...4......9..7......68....5.......4....1,25,Easy
7.8.691.59..581.....3..7......845.....7...8.........4......645....7.8...3......71,26,Easy
8...4.6...5.....87.7......5.8..6............1..3.2....7.48...6..356...2.1..7.....,23,Easy
..4...6........8..7..9.2.4.....5...2..7186...45...7.6...95.427.........1......45.,25,Expert
..92...4.3...6....7..3..89.....3.78....4.....8.7...42..9......26.....3....4.5..7.,24,Easy
..62.719...283..5....6....3293.1.5.........3.................7..1...682.3...2.9.5,26,Easy
...2.936...85...1...........3....1.25..7..98..7...26.39..865.....6.715.....9.....,27,Expert
.5.......7.6.3....3........6.7...43.....7......8243.7..82...6..4..68.12.1.....8.4,26,Easy
....94..1..23..49.6.......59..24.31.5..........36...7..........1.74...5..3...1.6.,25,Easy
456.....8...14..3....6.8..937.....64.9.4....1.1..8.97...73............5.98....3.6,28,Easy
16..8........3...6.972...1...8.2......51.6..82...93..5.83.1...........6.62.75....,27,Expert
.8...7....79....581.35..7.........3295......7......4..8...4....4...7831.391......,26,Intermediate
.3..6.75.6.25...835.7...6...9.4.7...3...8..2...8........5............4.6783......,25,Expert
.4..3.....16....359..1.8...3........56..13.8..2.4......536.981........4.18..2....,27,Expert
4..89...66..5..4....9...3..5..9....33....6..1......9.......5.......21.45..2.4..1.,24,Easy
.3.2.8.94....4....16.....3.98..7.42....1......46...9.7.2.9...4................678,25,Easy
.9734....5..2.6.......5....63.7.......5.2...9...8345..94.......8.......33.2.6.4.8,27,Intermediate
.....1794..4.....58....3.....6.49...5..6...41....3.8...1.8....3..9...6........4..,23,Expert
2..4.1...4...95.7.63...........79......1..4..5..6.2..1..4...697........41........,23,Easy
...4....2....63.7...8.7.3.4..5.....8..4.87.9......5..3.2....96...973...5...8.....,25,Expert
..1..2.4.4..3..5.6.3.5......2.....6...3.4.....4..8....2....51....8...37...5..1...,23,Easy
..6......93......8..5...961.41...8.76...9.3...8.47....5.8.........75.6.3.6.9...4.,27,Expert
....2.97.4....183...8....61....19..6.......4.2.1.3.7....3.9.21.....4.3..9......8.,26,Expert
.....27...497..3...3...4.......8......357.2.96.....54..7.....3.58..2.4..........2,24,Expert
..2.5.....451......7...6......23.....93.....6.....1.7..61..3..9.3..27........45..,23,Intermediate
.......8..............149....4...1.9.51.684..2...3...8..8..6....15..2.3..2..85.4.,25,Easy
.......3.1..276..5....5...2.....5..65.76.321..3.9...57...49..2...........4....761,27,Expert
.3..8.......57...9..5..2..4..2.3.....431.......7..98......984.2..83.5....9.4.....,25,Easy
.....1.3....9.2...15..3.87..85...7..69..1..58..........13...9..8......162.......3,25,Expert
...8..9.27....2.3....963..7..425....8.........39...6.....6..3..2....4...6.35...9.,25,Easy
9.......2...5.....5..6.4....4.7.9.6.8.....19...7....8.7.5...6..1.........6.1.2..5,23,Easy
.1...56.7.8..1...3...3.6.5..68.27.4..5.1...6......8.25...........38.2....7.4.3...,27,Easy
...9.1...2..6..4........1.3.14...5.2.5.46...838..2.......5..2.643.8.....1........,25,Expert
.4..6....9......2.....7.9.57.3.....6.5....3.2...1...7.3..6...9.4.....5.712.9....3,25,Intermediate
1.2.....64..3.9.81...5..4.3.2......8.4.29....3...........1.4....8...6.9...1....6.,24,Intermediate
.9......7...2..3.....1...5..75..4....3...9.6...2..754.1.7.5......3..26...2.7.....,24,Intermediate
.4...5.......74....7.6.....28...1.....5.26.9.........84......12.214..68.6....95.4,26,Expert
5.2....7.3...8.....46.71.5.83...7.......4........1.6.......516..7.3....5.........,22,Easy
9135...64....7..9..6........9.....43..5..7...6.....2.55..2.13..431........9......,25,Easy
3.2.5.8..7..4.29..14.78..5..35.1...887.....13......5.........27.........41..7....,27,Easy
.4.....2..92...81.8........1..8.....32..165.95...9..3.........2.154..9....8...34.,26,Expert
...1..8....5..........3...686...2.5....46..8.1..9....3531....6..285..1........9..,24,Intermediate
.8..5.....4..189.2...4...............7.895.4.6.1.7....86..274.9...1.9.........5..,25,Easy
..1.....95...638.196.1..5...4....6..3.........5.7.19.371.6....5.3.....8.6...7....,27,Expert
73....2....4..9.....8....9.6......32....1.8..8.7...41.....92.41...3..6.7.2......8,25,Easy
....8.7.....9...2..8.167.4541.5....7...49...........621....5..4.52..8.1.......2..,26,Expert
....42....4...5...6..19324.82..1.43...4...96.95.........19.....5...2.....68.54.9.,29,Expert
..8.34..2...5.8.9.4.36..1.8.2.....3...6...8.........59.6..9...1..1..........42..6,25,Easy
..2...9...7.9..36...6....58.6..5..9.......7.1....7..2.5.916...........8.18...2..6,25,Expert
......16.....3..48....8...7..2.....5..8...2..143.....6825..7.....6....1...74.2...,24,Easy
